"value","lag","rr"
0,0,1.09562702894747
0.2,0,1.09394859038087
0.4,0,1.09233206365657
0.6,0,1.09078196120418
0.8,0,1.08930277982992
1,0,1.08789900363755
1.2,0,1.08657510713792
1.4,0,1.0853355585474
1.6,0,1.08418482327572
1.8,0,1.08312736760434
2,0,1.08216766255667
2.2,0,1.08130919739875
2.4,0,1.08054652997168
2.6,0,1.07986951082157
2.8,0,1.07926799374143
3,0,1.07873187211512
3.2,0,1.07825107236006
3.4,0,1.07781554831678
3.6,0,1.07741527657897
3.8,0,1.07704025275854
4,0,1.07668048868174
4.2,0,1.076326010513
4.4,0,1.07596685780372
4.6,0,1.07559308346381
4.8,0,1.07519475465372
5,0,1.07476195459467
5.2,0,1.07428478529443
5.4,0,1.07375337118544
5.6,0,1.0731578636711
5.8,0,1.07248844657531
6,0,1.07173534248863
6.2,0,1.07088882000328
6.4,0,1.06993920334508
6.6,0,1.06888074427205
6.8,0,1.06771995253577
7,0,1.06646574395811
7.2,0,1.06512702009165
7.4,0,1.06371266092873
7.6,0,1.06223151834281
7.8,0,1.06069241026113
8,0,1.05910411556642
8.2,0,1.05747536972417
8.4,0,1.0558148611307
8.6,0,1.0541312281766
8.8,0,1.05243305701928
9,0,1.05072888005764
9.2,0,1.04902717510161
9.4,0,1.04733636522903
9.6,0,1.04566481932217
9.8,0,1.04402085327619
10,0,1.04241273187216
10.2,0,1.0408486713076
10.4,0,1.03933684237778
10.6,0,1.037885374302
10.8,0,1.03650220343152
11,0,1.03518981981034
11.2,0,1.03394403269845
11.4,0,1.03276027071407
11.6,0,1.03163399404938
11.8,0,1.03056069190452
12,0,1.02953588012212
12.2,0,1.02855509901979
12.4,0,1.0276139114181
12.6,0,1.02670790086178
12.8,0,1.02583267003225
13,0,1.02498383934971
13.2,0,1.02415704576314
13.4,0,1.02334794172676
13.6,0,1.0225521943618
13.8,0,1.02176548480217
14,0,1.02098350772305
14.2,0,1.02020197105132
14.4,0,1.0194165958569
14.6,0,1.01862311642391
14.8,0,1.01781728050073
15,0,1.01699484972806
15.2,0,1.01615222169099
15.4,0,1.01529104553776
15.6,0,1.01441559229316
15.8,0,1.01353013886209
16,0,1.01263894773332
16.2,0,1.01174626664945
16.4,0,1.01085632845539
16.6,0,1.00997335112455
16.8,0,1.00910153796134
17,0,1.00824507797917
17.2,0,1.00740814645276
17.4,0,1.00659490564383
17.6,0,1.00580950569927
17.8,0,1.00505608572091
18,0,1.00433877500626
18.2,0,1.00366169445961
18.4,0,1.00302895817312
18.6,0,1.00244467517757
18.8,0,1.00191295136282
19,0,1.00143789156813
19.2,0,1.00102360184265
19.4,0,1.00067419000286
19.6,0,1.00039125648936
19.8,0,1.00016893687497
20,0,1
20.2,0,0.999877228931633
20.4,0,0.999793417378204
20.6,0,0.999741366625046
20.8,0,0.999713882990089
21,0,0.999703775797941
21.2,0,0.999703855871615
21.4,0,0.999706934541462
21.6,0,0.999705823171078
21.8,0,0.999693333200141
22,0,0.999662276704157
22.2,0,0.999605467471026
22.4,0,0.99951572259419
22.6,0,0.999385864581861
22.8,0,0.999208723981421
23,0,0.998977142517659
23.2,0,0.998683976742879
23.4,0,0.99832210219628
23.6,0,0.997884418069187
23.8,0,0.997364463043827
24,0,0.996774779431309
24.2,0,0.996150081967876
24.4,0,0.995526265405905
24.6,0,0.994939135921669
24.8,0,0.994424417867786
25,0,0.994017773376355
25.2,0,0.993754834774446
25.4,0,0.993671249799814
25.6,0,0.99380273964375
25.8,0,0.994185169899969
26,0,0.994854634563518
26.2,0,0.995847553302039
26.4,0,0.997200782313853
26.6,0,0.998951739193683
26.8,0,1.00113854234826
27,0,1.00380016564156
27.2,0,1.00697660910406
27.4,0,1.01070908671426
27.6,0,1.01504023245491
27.8,0,1.02001432606399
28,0,1.02567754014393
28.2,0,1.0320674813996
28.4,0,1.03913875139237
28.6,0,1.04680512559382
28.8,0,1.05497835206085
29,0,1.06356789266995
29.2,0,1.07248050234041
29.4,0,1.08161988855701
29.6,0,1.09088645537033
29.8,0,1.10017713682612
30,0,1.10938532532828
30.2,0,1.11840090075461
30.4,0,1.12711036619875
30.6,0,1.13539709598393
30.8,0,1.14314170106222
31,0,1.15022251605714
31.2,0,1.15651621101254
31.4,0,1.16189852936539
31.6,0,1.16624515176246
31.8,0,1.16943268309734
32,0,1.17133975757243
32.2,0,1.17184825372189
32.4,0,1.17084467799839
32.6,0,1.16827751276044
32.8,0,1.16425821241861
33,0,1.15892955888567
33.2,0,1.15243670603422
33.4,0,1.14492572516769
33.6,0,1.13654231275021
33.8,0,1.127430667537
34,0,1.11773254033524
34.2,0,1.10758645624097
34.4,0,1.09712710636566
34.6,0,1.08648490379666
34.8,0,1.07578569681827
35,0,1.06515063123515
35.2,0,1.05469615295581
35.4,0,1.04453414177468
35.6,0,1.03477216749816
35.8,0,1.02551386015297
36,0,1.01685938695785
36.2,0,1.0089060299993
36.4,0,1.0017488601032
36.6,0,0.9954815042187
36.8,0,0.990194475988635
37,0,0.985908410827914
37.2,0,0.982568614485923
37.4,0,0.980119743110569
37.6,0,0.978509421219749
37.8,0,0.977687808482106
38,0,0.977607202123703
38.2,0,0.978221671282504
38.4,0,0.979486720192695
38.6,0,0.981358977581183
38.8,0,0.983795910107181
39,0,0.986755558079709
39.2,0,0.990196292052636
39.4,0,0.99407658922742
39.6,0,0.998354828893485
39.8,0,1.00298910640825
40,0,1.00793706546525
0,1,1.01177763582207
0.2,1,1.01520901377594
0.4,1,1.01852262471796
0.6,1,1.02170677189848
0.8,1,1.02474967469649
1,1,1.02763948341287
1.2,1,1.03036429537161
1.4,1,1.03291217232776
1.6,1,1.03527115917524
1.8,1,1.03742930394266
2,1,1.0393746790593
2.2,1,1.04109675221337
2.4,1,1.04259727440123
2.6,1,1.0438846451899
2.8,1,1.04496750482546
3,1,1.04585465661519
3.2,1,1.0465550494666
3.4,1,1.04707776107423
3.6,1,1.04743198179186
3.8,1,1.04762699922391
4,1,1.04767218356589
4.2,1,1.04757697372018
4.4,1,1.04735086420975
4.6,1,1.04700339290939
4.8,1,1.04654412961028
5,1,1.04598266543155
5.2,1,1.04532860308886
5.4,1,1.04459154802806
5.6,1,1.04378110042949
5.8,1,1.04290684808608
6,1,1.04197836015682
6.2,1,1.04100518179537
6.4,1,1.03999682920241
6.6,1,1.03896164197234
6.8,1,1.03790431545036
7,1,1.03682881619666
7.2,1,1.03573909570658
7.4,1,1.03463908979749
7.6,1,1.03353271814559
7.8,1,1.03242388397164
8,1,1.03131647387452
8.2,1,1.0302143578116
8.4,1,1.0291213892248
8.6,1,1.02804140531124
8.8,1,1.02697822743741
9,1,1.02593566169584
9.2,1,1.02491749960337
9.4,1,1.02392751893993
9.6,1,1.02296948472714
9.8,1,1.02204715034599
10,1,1.02116425879284
10.2,1,1.02032454407342
10.4,1,1.01953173273432
10.6,1,1.01878954553178
10.8,1,1.01810159450431
11,1,1.01746784639965
11.2,1,1.01688377837009
11.4,1,1.0163446072687
11.6,1,1.01584556630192
11.8,1,1.0153819030502
12,1,1.01494887771239
12.2,1,1.01454176157257
12.4,1,1.014155835688
12.6,1,1.0137863897972
12.8,1,1.01342872144725
13,1,1.01307813533957
13.2,1,1.01272994289349
13.4,1,1.01237946202713
13.6,1,1.01202201715488
13.8,1,1.0116529394011
14,1,1.01126756702941
14.2,1,1.01086124608704
14.4,1,1.01042933126356
14.6,1,1.00996718696319
14.8,1,1.00947018858996
15,1,1.00893372404453
15.2,1,1.00835409231853
15.4,1,1.00773516824082
15.6,1,1.00708461414013
15.8,1,1.00641010472477
16,1,1.00571929642365
16.2,1,1.00501982585934
16.4,1,1.00431930890215
16.6,1,1.00362534030231
16.8,1,1.00294549389785
17,1,1.00228732339506
17.2,1,1.0016583637192
17.4,1,1.0010661329327
17.6,1,1.00051813471906
17.8,1,1.00002186143062
18,1,0.999584797699252
18.2,1,0.999214424609537
18.4,1,0.998918224435079
18.6,1,0.998703685939195
18.8,1,0.998578310242563
19,1,0.998549617261455
19.2,1,0.998625152721528
19.4,1,0.998812491716231
19.6,1,0.999113832550996
19.8,1,0.999515289240949
20,1,1
20.2,1,1.00055109403269
20.4,1,1.00115167886827
20.6,1,1.00178483054941
20.8,1,1.00243358668012
21,1,1.00308094234187
21.2,1,1.00370984888907
21.4,1,1.00430321563667
21.6,1,1.00484391445232
21.8,1,1.00531478726406
22,1,1.00569865649182
22.2,1,1.0059783384064
22.4,1,1.00613665941422
22.6,1,1.00615647525897
22.8,1,1.00602069312272
23,1,1.00571229659954
23.2,1,1.00521437350304
23.4,1,1.00451014645741
23.6,1,1.00358300620711
23.8,1,1.00241767257259
24,1,1.00103402224205
24.2,1,0.999492778687055
24.4,1,0.997856707306019
24.6,1,0.996188209348662
24.8,1,0.994549282221359
25,1,0.993001518559825
25.2,1,0.991606143636624
25.4,1,0.9904240907026
25.6,1,0.989516113959062
25.8,1,0.98894293902061
26,1,0.988765450956558
26.2,1,0.989044920292299
26.4,1,0.989843267711857
26.6,1,0.991223368631681
26.8,1,0.993249399317071
27,1,0.995987226791858
27.2,1,0.999504845456277
27.4,1,1.00387286408675
27.6,1,1.00916504775677
27.8,1,1.01545892020489
28,1,1.02283643330341
28.2,1,1.03136782477332
28.4,1,1.0409943155918
28.6,1,1.0515932552588
28.8,1,1.06303848140597
29,1,1.07519948023073
29.2,1,1.0879403307472
29.4,1,1.10111881674309
29.6,1,1.11458571849349
29.8,1,1.12818429936949
30,1,1.14175000487708
30.2,1,1.1551103932824
30.4,1,1.1680853177188
30.6,1,1.18048737941924
30.8,1,1.19212267035765
31,1,1.20279182100981
31.2,1,1.21229136506608
31.4,1,1.22041542768193
31.6,1,1.22695773721219
31.8,1,1.23171395236745
32,1,1.23448428744131
32.2,1,1.23507640784398
32.4,1,1.23330867016651
32.6,1,1.2291041418842
32.8,1,1.22265423636752
33,1,1.21420346660436
33.2,1,1.20400107892987
33.4,1,1.19229751649859
33.6,1,1.17934132725863
33.8,1,1.16537653820585
34,1,1.15064050292753
34.2,1,1.13536221698468
34.4,1,1.11976108564387
34.6,1,1.10404612085274
34.8,1,1.0884155390681
35,1,1.07305672843669
35.2,1,1.05814655269817
35.4,1,1.0438519598087
35.6,1,1.03033086544955
35.8,1,1.01773328507872
36,1,1.00620269282251
36.2,1,0.995877591141997
36.4,1,0.986893281745862
36.6,1,0.979383835611831
36.8,1,0.973480306053235
37,1,0.96920706325136
37.2,1,0.966473849432767
37.4,1,0.965192440501576
37.6,1,0.965281791642917
37.8,1,0.966666893253809
38,1,0.969277731582964
38.2,1,0.973048338977596
38.4,1,0.977915921104233
38.6,1,0.98382005066762
38.8,1,0.990701919053569
39,1,0.998503639014719
39.2,1,1.00716759304041
39.4,1,1.01663582343386
39.6,1,1.02684946138577
39.8,1,1.03774819350222
40,1,1.04926976532923
0,2,1.05701388729562
0.2,2,1.05636314408549
0.4,2,1.05571977202757
0.6,2,1.05508432000907
0.8,2,1.05445733573343
1,2,1.05383936576339
1.2,2,1.05323095556694
1.4,2,1.05263264956608
1.6,2,1.05204499118843
1.8,2,1.05146852292166
2,2,1.05090378637071
2.2,2,1.05035115270789
2.4,2,1.04980946040928
2.6,2,1.04927673737915
2.8,2,1.04875100826787
3,2,1.04823030182949
3.2,2,1.04771265080907
3.4,2,1.04719609186702
3.6,2,1.04667866554025
3.8,2,1.04615841624006
4,2,1.04563339228663
4.2,2,1.04510164597995
4.4,2,1.0445612337071
4.6,2,1.04401021608572
4.8,2,1.04344665814356
5,2,1.04286862953388
5.2,2,1.04227420478669
5.4,2,1.04166146359543
5.6,2,1.04102849113916
5.8,2,1.04037337843988
6,2,1.0396942227548
6.2,2,1.03898912800335
6.4,2,1.03825620565737
6.6,2,1.03749466665046
6.8,2,1.03670717540223
7,2,1.03589706975476
7.2,2,1.03506767892948
7.4,2,1.03422232285901
7.6,2,1.03336431162569
7.8,2,1.03249694500606
8,2,1.03162351212105
8.2,2,1.03074729119107
8.4,2,1.02987154939561
8.6,2,1.02899954283659
8.8,2,1.02813451660496
9,2,1.02727970494989
9.2,2,1.02643833154999
9.4,2,1.02561360988586
9.6,2,1.02480874371365
9.8,2,1.02402692763881
10,2,1.02327134778987
10.2,2,1.02254518259162
10.4,2,1.02185160363741
10.6,2,1.02119377666033
10.8,2,1.02057477385618
11,2,1.01999457647365
11.2,2,1.01944935824491
11.4,2,1.01893506906435
11.6,2,1.01844766996411
11.8,2,1.01798313197458
12,2,1.01753743514489
12.2,2,1.01710656772256
12.4,2,1.01668652549163
12.6,2,1.01627331126883
12.8,2,1.01586293455699
13,2,1.01545141135546
13.2,2,1.0150347641269
13.4,2,1.01460902192011
13.6,2,1.01417022064832
13.8,2,1.01371440352266
14,2,1.01323762164007
14.2,2,1.01273593472526
14.4,2,1.01220541202601
14.6,2,1.01164213336106
14.8,2,1.01104219031978
15,2,1.01040168761268
15.2,2,1.0097176253392
15.4,2,1.00899444259686
15.6,2,1.00824029393442
15.8,2,1.00746334112524
16,2,1.00667172296067
16.2,2,1.00587355374094
16.4,2,1.00507692242139
16.6,2,1.00428989241075
16.8,2,1.00352050201783
17,2,1.00277676554313
17.2,2,1.002066675012
17.4,2,1.00139820254633
17.6,2,1.00077930337214
17.8,2,1.00021791946115
18,2,0.999721983805019
18.2,2,0.999299425322024
18.4,2,0.998958174396707
18.6,2,0.998706169054468
18.8,2,0.998551361774178
19,2,0.998501726943474
19.2,2,0.998565268962931
19.4,2,0.998750027267727
19.6,2,0.999059070964741
19.8,2,0.999480582797126
20,2,1
20.2,2,1.00060276112018
20.4,2,1.00127429275256
20.6,2,1.00199999840744
20.8,2,1.00276524950874
21,2,1.00355537852734
21.2,2,1.00435567425666
21.4,2,1.00515137924055
21.6,2,1.00592768936437
21.8,2,1.00666975562145
22,2,1.00736268806619
22.2,2,1.00799156196446
22.4,2,1.00854142614943
22.6,2,1.00899731358818
22.8,2,1.00934425416053
23,2,1.00956728964666
23.2,2,1.00965149091425
23.4,2,1.00958197728953
23.6,2,1.00934393808875
23.8,2,1.00892351493923
24,2,1.00833364130146
24.2,2,1.00761850275295
24.4,2,1.00682399029469
24.6,2,1.00599587894744
24.8,2,1.00517980210881
25,2,1.00442124665547
25.2,2,1.00376556867948
25.4,2,1.00325802975434
25.6,2,1.00294385365957
25.8,2,1.00286830355134
26,2,1.00307677965148
26.2,2,1.00361493763803
26.4,2,1.004528828058
26.6,2,1.00586505724724
26.8,2,1.00767097043534
27,2,1.00999485793596
27.2,2,1.01288618557745
27.4,2,1.01639585081771
27.6,2,1.02057646631428
27.8,2,1.02548267308961
28,2,1.03117148584843
28.2,2,1.03769028206851
28.4,2,1.04499087920958
28.6,2,1.052978204333
28.8,2,1.06155503506245
29,2,1.07062164047016
29.2,2,1.0800752391971
29.4,2,1.08980955462864
29.6,2,1.09971447221467
29.8,2,1.10967580514806
30,2,1.11957517544898
30.2,2,1.1292900180172
30.4,2,1.13869371538163
30.6,2,1.14765587066258
30.8,2,1.15604272563595
31,2,1.16371772972107
31.2,2,1.17054226417963
31.4,2,1.17637652379671
31.6,2,1.18108055581057
31.8,2,1.18451545287304
32,2,1.18654469338247
32.2,2,1.18703561868001
32.4,2,1.18586111187923
32.6,2,1.18296500225267
32.8,2,1.17847700840211
33,2,1.17256259138795
33.2,2,1.16538979883278
33.4,2,1.15712746198661
33.6,2,1.14794360875022
33.8,2,1.13800410129779
34,2,1.12747150148221
34.2,2,1.11650416255197
34.4,2,1.1052555418909
34.6,2,1.09387372651607
34.8,2,1.08250116091189
35,2,1.07127456540203
35.2,2,1.06032503261072
35.4,2,1.04977828958299
35.6,2,1.03975511375561
35.8,2,1.03037189213843
36,2,1.02174131472397
36.2,2,1.01397319524809
36.4,2,1.00717541494348
36.6,2,1.00145498784449
36.8,2,0.996916294916956
37,2,0.993583214911449
37.2,2,0.991392462222619
37.4,2,0.990280546827365
37.6,2,0.990187879063561
37.8,2,0.99105815708003
38,2,0.992837804436489
38.2,2,0.995475451908021
38.4,2,0.998921458491229
38.6,2,1.00312746744836
38.8,2,1.00804599397753
39,2,1.01363004177517
39.2,2,1.01983274637191
39.4,2,1.02660704368426
39.6,2,1.03390536273841
39.8,2,1.04167934199505
40,2,1.04987956913897
0,3,1.04463637258719
0.2,3,1.0437684701059
0.4,3,1.04292320655492
0.6,3,1.04210229449364
0.8,3,1.04130744254073
1,3,1.04054035579439
1.2,3,1.03980273628084
1.4,3,1.03909628343091
1.6,3,1.03842269458475
1.8,3,1.03778366552466
2,3,1.03718089103607
2.2,3,1.03661577437597
2.4,3,1.03608708955084
2.6,3,1.03559222086487
2.8,3,1.03512854814039
3,3,1.03469345878885
3.2,3,1.03428434706233
3.4,3,1.03389861337123
3.6,3,1.03353366366752
3.8,3,1.03318690889353
4,3,1.03285576449569
4.2,3,1.03253765000315
4.4,3,1.03222998867106
4.6,3,1.03193020718812
4.8,3,1.03163573544853
5,3,1.03134400638785
5.2,3,1.03105245588298
5.4,3,1.03075852271575
5.6,3,1.03045964860039
5.8,3,1.03015327827433
6,3,1.02983685965264
6.2,3,1.02950784404557
6.4,3,1.02916368665351
6.6,3,1.02880239237207
6.8,3,1.02842369394986
7,3,1.02802766516426
7.2,3,1.02761438058663
7.4,3,1.02718391557147
7.6,3,1.02673634624553
7.8,3,1.0262717494969
8,3,1.0257902029641
8.2,3,1.02529178502512
8.4,3,1.02477657478648
8.6,3,1.02424465207227
8.8,3,1.02369609741312
9,3,1.02313099203527
9.2,3,1.02254941784953
9.4,3,1.02195145744028
9.6,3,1.02133719405447
9.8,3,1.02070671159057
10,3,1.0200600945876
10.2,3,1.01939742821405
10.4,3,1.01871879825691
10.6,3,1.01802429111063
10.8,3,1.01731402425835
11,3,1.01658917635998
11.2,3,1.01585223272113
11.4,3,1.0151057529798
11.6,3,1.01435228964645
11.8,3,1.01359438789704
12,3,1.0128345854302
12.2,3,1.01207541238787
12.4,3,1.0113193913395
12.6,3,1.01056903732911
12.8,3,1.00982685798512
13,3,1.00909535369251
13.2,3,1.00837701782702
13.4,3,1.00767433705115
13.6,3,1.0069897916716
13.8,3,1.0063258560579
14,3,1.00568499912205
14.2,3,1.00506968485897
14.4,3,1.00448237294748
14.6,3,1.00392551941187
14.8,3,1.00340157734381
15,3,1.00291299768468
15.2,3,1.00246195838888
15.4,3,1.00204834636213
15.6,3,1.00167090363976
15.8,3,1.00132836945619
16,3,1.00101948845154
16.2,3,1.00074301024801
16.4,3,1.0004976890424
16.6,3,1.00028228321467
16.8,3,1.00009555495251
17,3,0.999936269891601
17.2,3,0.99980319677147
17.4,3,0.999695107106934
17.6,3,0.999610774874881
17.8,3,0.999548976216369
18,3,0.999508489153932
18.2,3,0.999488093324023
18.4,3,0.999486569724518
18.6,3,0.999502700477231
18.8,3,0.999535268605375
19,3,0.999583057825947
19.2,3,0.999644852356979
19.4,3,0.999719436481728
19.6,3,0.999805248576419
19.8,3,0.999899697300449
20,3,1
20.2,3,1.00010337304702
20.4,3,1.00020703171496
20.6,3,1.00030819013209
20.8,3,1.00040406131231
21,3,1.00049185726362
21.2,3,1.00056878917431
21.4,3,1.00063206767675
21.6,3,1.00067890318905
21.8,3,1.00070650633432
22,3,1.00071208843769
22.2,3,1.00069286210097
22.4,3,1.00064604185476
22.6,3,1.00056884488799
22.8,3,1.00045849185451
23,3,1.00031220775665
23.2,3,1.00012722290524
23.4,3,0.999900773955784
23.6,3,0.999630105020233
23.8,3,0.999312790488308
24,3,0.998956408205512
24.2,3,0.998580220975997
24.4,3,0.998204128782471
24.6,3,0.997848002042624
24.8,3,0.997531683605068
25,3,0.997274994695498
25.2,3,0.997097744805687
25.4,3,0.997019745522322
25.6,3,0.9970608282993
25.8,3,0.997240866185917
26,3,0.997579799534381
26.2,3,0.998097665723346
26.4,3,0.998814632949673
26.6,3,0.999751038158472
26.8,3,1.0009274292017
27,3,1.00236461133835
27.2,3,1.00408369821445
27.4,3,1.00610616748945
27.6,3,1.00845392130606
27.8,3,1.01114935183525
28,3,1.01421541216517
28.2,3,1.0176698496638
28.4,3,1.02148480444588
28.6,3,1.0256103479037
28.8,3,1.02999586968842
29,3,1.0345900624859
29.2,3,1.03934080169429
29.4,3,1.04419505114261
29.6,3,1.04909879555656
29.8,3,1.0539970005953
30,3,1.05883360136113
30.2,3,1.06355152032172
30.4,3,1.06809271557944
30.6,3,1.07239826037308
30.8,3,1.07640845460072
31,3,1.08006296900896
31.2,3,1.08330102249953
31.4,3,1.08606159276094
31.6,3,1.08828366013832
31.8,3,1.0899064843105
32,3,1.09086991295144
32.2,3,1.09111472111505
32.4,3,1.09058301603902
32.6,3,1.08924787237802
32.8,3,1.08716608426526
33,3,1.0844098320235
33.2,3,1.0810519499574
33.4,3,1.07716551268347
33.6,3,1.07282346747504
33.8,3,1.06809831371393
34,3,1.06306182992046
34.2,3,1.05778484829755
34.4,3,1.0523370762736
34.6,3,1.04678696416338
34.8,3,1.04120161778653
35,3,1.0356467546853
35.2,3,1.03018670246665
35.4,3,1.02488443775268
35.6,3,1.01980166425603
35.8,3,1.01499892859803
36,3,1.01053577265496
36.2,3,1.00647092144725
36.4,3,1.00286250587654
36.6,3,0.999768319964709
36.8,3,0.997244648706166
37,3,0.995307294962392
37.2,3,0.993927772003498
37.4,3,0.993076354317634
37.6,3,0.992724282363711
37.8,3,0.992843617233316
38,3,0.993407105299519
38.2,3,0.994388052139185
38.4,3,0.995760205122284
38.6,3,0.997497644159292
38.8,3,0.999574680187206
39,3,1.00196576105667
39.2,3,1.00464538455786
39.4,3,1.00758801839182
39.6,3,1.01076802695684
39.8,3,1.01415960487745
40,3,1.01773671725557
0,4,1.02339660716447
0.2,4,1.02332175093314
0.4,4,1.02324557534071
0.6,4,1.02316797383633
0.8,4,1.02308883990727
1,4,1.02300806708042
1.2,4,1.02292554892395
1.4,4,1.02284117904908
1.6,4,1.02275485111196
1.8,4,1.02266645881564
2,4,1.02257589591216
2.2,4,1.02248307224564
2.4,4,1.02238804268456
2.6,4,1.02229093907352
2.8,4,1.02219189392985
3,4,1.02209103973133
3.2,4,1.02198850891375
3.4,4,1.0218844338687
3.6,4,1.02177894694143
3.8,4,1.02167218042897
4,4,1.02156426657841
4.2,4,1.02145533758529
4.4,4,1.02134552559221
4.6,4,1.02123496268765
4.8,4,1.02112378090484
5,4,1.02101211222094
5.2,4,1.02090008855629
5.4,4,1.0207878417739
5.6,4,1.02067550367901
5.8,4,1.02056320601898
6,4,1.02045108048317
6.2,4,1.02033925870314
6.4,4,1.02022787202051
6.6,4,1.02011645949156
6.8,4,1.02000268855801
7,4,1.01988385880143
7.2,4,1.01975727111792
7.4,4,1.01962022788773
7.6,4,1.01947003321632
7.8,4,1.01930399324672
8,4,1.01911941654298
8.2,4,1.01891361454484
8.4,4,1.01868390209312
8.6,4,1.01842759802599
8.8,4,1.01814202584551
9,4,1.01782451445446
9.2,4,1.01747239896297
9.4,4,1.01708302156455
9.6,4,1.01665373248113
9.8,4,1.0161818909765
10,4,1.01566486643764
10.2,4,1.01510003952319
10.4,4,1.01448480337841
10.6,4,1.01381656491559
10.8,4,1.01309286889181
11,4,1.01231554524145
11.2,4,1.01149169636731
11.4,4,1.01062873480907
11.6,4,1.00973405333516
11.8,4,1.00881502236877
12,4,1.0078789879525
12.2,4,1.00693327024886
12.4,4,1.0059851625738
12.6,4,1.00504193095987
12.8,4,1.00411081424567
13,4,1.00319902468813
13.2,4,1.00231374909434
13.4,4,1.00146215046964
13.6,4,1.00065137017916
13.8,4,0.999888530620189
14,4,0.999180738403476
14.2,4,0.998535088041859
14.4,4,0.997958666145599
14.6,4,0.997458556124374
14.8,4,0.997041843396894
15,4,0.996715621110049
15.2,4,0.996485870155894
15.4,4,0.996349092615176
15.6,4,0.996297052513756
15.8,4,0.996321502851251
16,4,0.99641421476944
16.2,4,0.996566971572342
16.4,4,0.99677156342982
16.6,4,0.997019782761548
16.8,4,0.997303420299289
17,4,0.997614261826439
17.2,4,0.99794408559463
17.4,4,0.998284660417849
17.6,4,0.998627744445034
17.8,4,0.998965084612523
18,4,0.999288416777864
18.2,4,0.999589466536601
18.4,4,0.999859950723524
18.6,4,1.00009157959957
18.8,4,1.00027605972522
19,4,1.00040509752047
19.2,4,1.00047040351106
19.4,4,1.00046369961737
19.6,4,1.00037988602272
19.8,4,1.00022329146885
20,4,1
20.2,4,0.999716104443117
20.4,4,0.999377702543791
20.6,4,0.998990893470336
20.8,4,0.998561774687391
21,4,0.99809643919988
21.2,4,0.997600973167664
21.4,4,0.997081453890803
21.6,4,0.996543948164932
21.8,4,0.995994511005993
22,4,0.995439184743269
22.2,4,0.994883998479518
22.4,4,0.994334967916858
22.6,4,0.993798095547018
22.8,4,0.993279371204527
23,4,0.992784772981541
23.2,4,0.99232026850307
23.4,4,0.991891816561585
23.6,4,0.991505369110235
23.8,4,0.991166817829029
24,4,0.990880319165874
24.2,4,0.990648004413981
24.4,4,0.990471896296681
24.6,4,0.990354025409103
24.8,4,0.990296431400042
25,4,0.990301164198653
25.2,4,0.990370285286719
25.4,4,0.990505869017307
25.6,4,0.990710003980685
25.8,4,0.990984794418482
26,4,0.991332361687136
26.2,4,0.991754845771774
26.4,4,0.992254406851742
26.6,4,0.992833226919126
26.8,4,0.993493511451666
27,4,0.9942374911416
27.2,4,0.995067423682064
27.4,4,0.995985595612791
27.6,4,0.996994324226953
27.8,4,0.998095959541143
28,4,0.999292886330581
28.2,4,1.00058615247227
28.4,4,1.00196599219132
28.6,4,1.0034174613752
28.8,4,1.00492551422142
29,4,1.00647502429748
29.2,4,1.00805077710475
29.4,4,1.00963746493349
29.6,4,1.01121968403205
29.8,4,1.01278193411535
30,4,1.01430862023817
30.2,4,1.01578405705856
30.4,4,1.01719247551545
30.6,4,1.01851803194211
30.8,4,1.01974481963358
31,4,1.02085688288212
31.2,4,1.0218382334886
31.4,4,1.02267286975185
31.6,4,1.02334479792962
31.8,4,1.02383805615666
32,4,1.02413674079531
32.2,4,1.02422503518321
32.4,4,1.02408725055043
32.6,4,1.0237157463887
32.8,4,1.02312515653397
33,4,1.02233406705278
33.2,4,1.02136113300386
33.4,4,1.02022504398369
33.6,4,1.01894449299293
33.8,4,1.01753814865731
34,4,1.01602463082229
34.2,4,1.01442248952693
34.4,4,1.01275018735178
34.6,4,1.0110260851251
34.8,4,1.00926843096419
35,4,1.00749535262203
35.2,4,1.00572485310466
35.4,4,1.00397480952207
35.6,4,1.0022629751335
35.8,4,1.00060698454873
36,4,0.99902436204839
36.2,4,0.997532532989897
36.4,4,0.996148838270343
36.6,4,0.994890551824235
36.8,4,0.993774500008112
37,4,0.992806304444034
37.2,4,0.991979238674104
37.4,4,0.991286015605063
37.6,4,0.990719423648641
37.8,4,0.990272317428697
38,4,0.989937609038737
38.2,4,0.989708259836491
38.4,4,0.989577272763941
38.6,4,0.989537685182784
38.8,4,0.989582562216788
39,4,0.989704990593866
39.2,4,0.989898072981953
39.4,4,0.990154922813969
39.6,4,0.990468659598151
39.8,4,0.990832404711083
40,4,0.991239277671545
0,5,1.01397418274402
0.2,5,1.01428403753294
0.4,5,1.01457667002996
0.6,5,1.01485066821137
0.8,5,1.01510461952209
1,5,1.01533711114343
1.2,5,1.01554673028032
1.4,5,1.01573206446816
1.6,5,1.01589170189909
1.8,5,1.01602423176769
2,5,1.01612824463603
2.2,5,1.01620257418353
2.4,5,1.016248238042
2.6,5,1.01626741514245
2.8,5,1.01626229744846
3,5,1.01623507873141
3.2,5,1.01618795406973
3.4,5,1.01612311939541
3.6,5,1.01604277108783
3.8,5,1.01594910561497
4,5,1.01584431922201
4.2,5,1.01573060766742
4.4,5,1.01561016600647
4.6,5,1.01548518842215
4.8,5,1.01535786810358
5,5,1.01523039717173
5.2,5,1.01510496665246
5.4,5,1.014983766497
5.6,5,1.01486898564953
5.8,5,1.01476281216208
6,5,1.0146674333566
6.2,5,1.01458503603419
6.4,5,1.01451780622242
6.6,5,1.01446663257388
6.8,5,1.01442830334208
7,5,1.0143987995277
7.2,5,1.01437410291494
7.4,5,1.01435019580162
7.6,5,1.01432306088829
7.8,5,1.01428868132652
8,5,1.01424304092628
8.2,5,1.01418212452235
8.4,5,1.01410191849965
8.6,5,1.01399841147748
8.8,5,1.01386759515232
9,5,1.01370546529906
9.2,5,1.01350802293015
9.4,5,1.01327127561228
9.6,5,1.01299123893985
9.8,5,1.01266393816454
10,5,1.01228540997993
10.2,5,1.01185170446007
10.4,5,1.01135888715062
10.6,5,1.01080304131101
10.8,5,1.01018042252118
11,5,1.00949260358337
11.2,5,1.00874770196699
11.4,5,1.0079542263245
11.6,5,1.00712066681146
11.8,5,1.00625549137686
12,5,1.00536714276556
12.2,5,1.00446403623014
12.4,5,1.0035545579484
12.6,5,1.0026470641429
12.8,5,1.001749880898
13,5,1.0008713046703
13.2,5,1.00001960348792
13.4,5,0.999203018834809
13.6,5,0.99842976821596
13.8,5,0.997708048400638
14,5,0.997046039340803
14.2,5,0.996451908763114
14.4,5,0.995933817433706
14.6,5,0.995499925096149
14.8,5,0.995158397084262
15,5,0.994917411612906
15.2,5,0.994783845472195
15.4,5,0.994753449889199
15.6,5,0.994816411906558
15.8,5,0.994962902234202
16,5,0.995183108573753
16.2,5,0.995467227850323
16.4,5,0.995805459417267
16.6,5,0.996187999230423
16.8,5,0.99660503499006
17,5,0.997046742250255
17.2,5,0.997503281496643
17.4,5,0.997964796194398
17.6,5,0.998421411808997
17.8,5,0.998863235802721
18,5,0.999280358609978
18.2,5,0.999662855594402
18.4,5,1.00000078999027
18.6,5,1.00028421683014
18.8,5,1.00050318785952
19,5,1.0006477574384
19.2,5,1.00070798942775
19.4,5,1.00067396812455
19.6,5,1.00053991865476
19.8,5,1.00031233566136
20,5,1
20.2,5,0.999611704732213
20.4,5,0.999156248091129
20.6,5,0.998642427214085
20.8,5,0.998079032644787
21,5,0.997474843606304
21.2,5,0.996838624044879
21.4,5,0.996179119443489
21.6,5,0.995505054403214
21.8,5,0.994825130989797
22,5,0.994148027842248
22.2,5,0.993482400040076
22.4,5,0.992836879725573
22.6,5,0.992220077477653
22.8,5,0.991640584433984
23,5,0.991106975158575
23.2,5,0.990627811252601
23.4,5,0.990211645707018
23.6,5,0.989867027996498
23.8,5,0.989602308972464
24,5,0.989419603583756
24.2,5,0.989313738217315
24.4,5,0.989279145124249
24.6,5,0.989310273565107
24.8,5,0.989401585969008
25,5,0.989547554407865
25.2,5,0.98974265738341
25.4,5,0.989981376925248
25.6,5,0.99025819599864
25.8,5,0.990567596221163
26,5,0.990904055887762
26.2,5,0.991262048304053
26.4,5,0.991636040428004
26.6,5,0.992020491820389
26.8,5,0.99240985390456
27,5,0.992798569536257
27.2,5,0.993181072884238
27.4,5,0.993551789622585
27.6,5,0.993905137435499
27.8,5,0.994235526835387
28,5,0.994537362294888
28.2,5,0.994805669135562
28.4,5,0.995040402256709
28.6,5,0.995243857580994
28.8,5,0.99541835006267
29,5,0.995566198962431
29.2,5,0.995689727197524
29.4,5,0.995791260745707
29.6,5,0.995873128103245
29.8,5,0.995937659797141
30,5,0.995987187951748
30.2,5,0.996024045909873
30.4,5,0.996050567908465
30.6,5,0.99606908880896
30.8,5,0.996081943882325
31,5,0.996091468648836
31.2,5,0.996099998772605
31.4,5,0.996109870010875
31.6,5,0.996123418218083
31.8,5,0.996142979404693
32,5,0.996170889850818
32.2,5,0.996209486274623
32.4,5,0.996261104287242
32.6,5,0.996326657724974
32.8,5,0.996403075798038
33,5,0.996486594621482
33.2,5,0.99657344926737
33.4,5,0.996659873567589
33.6,5,0.996742100058953
33.8,5,0.996816360070678
34,5,0.99687888395432
34.2,5,0.996925901456228
34.4,5,0.996953642232554
34.6,5,0.99695833650679
34.8,5,0.996936215869775
35,5,0.996883514221994
35.2,5,0.99679646885794
35.4,5,0.996671321692178
35.6,5,0.996504320626632
35.8,5,0.996291721058489
36,5,0.996029787527944
36.2,5,0.995714795504873
36.4,5,0.9953430333133
36.6,5,0.994910804192374
36.8,5,0.994414539505946
37,5,0.993853786050793
37.2,5,0.993231534947536
37.4,5,0.992550960121455
37.6,5,0.991815237754017
37.8,5,0.991027544501293
38,5,0.990191055811316
38.2,5,0.989308944340855
38.4,5,0.988384378471913
38.6,5,0.987420520928137
38.8,5,0.986420527491198
39,5,0.98538754581708
39.2,5,0.984324714352121
39.4,5,0.983235161348528
39.6,5,0.982122003979013
39.8,5,0.980988347550117
40,5,0.979837284813708
0,6,1.01201398636211
0.2,6,1.01242411796898
0.4,6,1.01280760036166
0.6,6,1.01316223961184
0.8,6,1.01348584110769
1,6,1.01377621019793
1.2,6,1.0140311528829
1.4,6,1.01424847655261
1.6,6,1.01442599077163
1.8,6,1.01456150811046
2,6,1.01465284502334
2.2,6,1.01469821046705
2.4,6,1.01469932347795
2.6,6,1.01465976991246
2.8,6,1.01458315740676
3,6,1.0144730968453
3.2,6,1.01433320110766
3.4,6,1.01416708394334
3.6,6,1.01397835897488
3.8,6,1.01377063882942
4,6,1.01354753439886
4.2,6,1.01331265422853
4.4,6,1.01306960403433
4.6,6,1.01282198634825
4.8,6,1.01257340029199
5,6,1.01232744147869
5.2,6,1.01208770204233
5.4,6,1.0118577707947
5.6,6,1.01164123350977
5.8,6,1.0114416733352
6,6,1.01126267133081
6.2,6,1.01110780713408
6.4,6,1.01098065909855
6.6,6,1.01088313966984
6.8,6,1.01081189658891
7,6,1.01076254275071
7.2,6,1.01073069353686
7.4,6,1.01071196596143
7.6,6,1.01070197800705
7.8,6,1.01069634815101
8,6,1.01069069508137
8.2,6,1.01068063760301
8.4,6,1.01066179473358
8.6,6,1.01062978598938
8.8,6,1.01058023186112
9,6,1.01050875447939
9.2,6,1.01041097846984
9.4,6,1.01028253199769
9.6,6,1.0101190480013
9.8,6,1.00991616561419
10,6,1.00966953177498
10.2,6,1.00937480302432
10.4,6,1.00902764748776
10.6,6,1.00862374704335
10.8,6,1.00815894293558
11,6,1.00763407912936
11.2,6,1.0070561622493
11.4,6,1.00643257274329
11.6,6,1.0057706799237
11.8,6,1.00507783891001
12,6,1.00436138810913
12.2,6,1.00362864723174
12.4,6,1.00288691584294
12.6,6,1.00214347244473
12.8,6,1.00140557408783
13,6,1.00068045651024
13.2,6,0.999975334799754
13.4,6,0.999297404577844
13.6,6,0.998653843702484
13.8,6,0.998051814487783
14,6,0.997498466438688
14.2,6,0.99700093949949
14.4,6,0.996566367815537
14.6,6,0.996201884008179
14.8,6,0.995914623963869
15,6,0.995711732139183
15.2,6,0.995599236119888
15.4,6,0.995573640546362
15.6,6,0.995626684759046
15.8,6,0.995750090353069
16,6,0.995935590971689
16.2,6,0.996174926799603
16.4,6,0.996459839745657
16.6,6,0.996782069312874
16.8,6,0.997133349154729
17,6,0.997505404317524
17.2,6,0.997889949169412
17.4,6,0.998278686017177
17.6,6,0.998663304412301
17.8,6,0.999035481148062
18,6,0.999386880949529
18.2,6,0.999709157858184
18.4,6,0.99999395731272
18.6,6,1.0002329189271
18.8,6,1.00041767996646
19,6,1.00053987952061
19.2,6,1.00059116337418
19.4,6,1.00056319220627
19.6,6,1.00045118031499
19.8,6,1.00026087891503
20,6,1
20.2,6,0.999676263643613
20.4,6,0.999297392867244
20.6,6,0.998871109099829
20.8,6,0.998405128231691
21,6,0.997907157262875
21.2,6,0.997384891545794
21.4,6,0.99684601262136
21.6,6,0.996298186647212
21.8,6,0.995749063416277
22,6,0.995206275963604
22.2,6,0.994677440759283
22.4,6,0.994170158485219
22.6,6,0.993692015393656
22.8,6,0.993250585245557
23,6,0.992853431827313
23.2,6,0.992508112044714
23.4,6,0.992222179593741
23.6,6,0.992003189208431
23.8,6,0.991858496934175
24,6,0.991789112275563
24.2,6,0.991788621541722
24.4,6,0.991850203693657
24.6,6,0.991967048554032
24.8,6,0.992132352775501
25,6,0.99233931627879
25.2,6,0.992581139158931
25.4,6,0.992851019058706
25.6,6,0.993142149008877
25.8,6,0.993447715735276
26,6,0.993760898433179
26.2,6,0.994074868009655
26.4,6,0.994382786794809
26.6,6,0.99467780872291
26.8,6,0.9949530799844
27,6,0.995201740149739
27.2,6,0.995416923765814
27.4,6,0.995591762425434
27.6,6,0.99571938731003
27.8,6,0.995792932205276
28,6,0.995805536988778
28.2,6,0.995751463437214
28.4,6,0.995633751436555
28.6,6,0.995459604615809
28.8,6,0.9952362569619
29,6,0.994970944054674
29.2,6,0.99467089976032
29.4,6,0.994343353449526
29.6,6,0.993995527740575
29.8,6,0.993634636767024
30,6,0.993267884969255
30.2,6,0.992902466408848
30.4,6,0.99254556460456
30.6,6,0.992204352888593
30.8,6,0.991885995281861
31,6,0.99159764788709
31.2,6,0.991346460798812
31.4,6,0.991139580529644
31.6,6,0.990984152952699
31.8,6,0.990887326760492
32,6,0.990856257441381
32.2,6,0.990898111775317
32.4,6,0.991020067830534
32.6,6,0.991225285243774
32.8,6,0.991505626380861
33,6,0.991850994981525
33.2,6,0.992251294864154
33.4,6,0.992696423800438
33.6,6,0.993176268420939
33.8,6,0.993680700151743
34,6,0.994199572183678
34.2,6,0.994722717476589
34.4,6,0.995239947801869
34.6,6,0.995741053826891
34.8,6,0.996215806245091
35,6,0.996653957955288
35.2,6,0.997045247293345
35.4,6,0.997379402318511
35.6,6,0.997646146155681
35.8,6,0.997835203393448
36,6,0.997936307536125
36.2,6,0.997939209505921
36.4,6,0.997833687189176
36.6,6,0.997609556017966
36.8,6,0.997256947693736
37,6,0.996773505837897
37.2,6,0.996165185161611
37.4,6,0.99543840362004
37.6,6,0.994599604867041
37.8,6,0.993655250944496
38,6,0.992611815367877
38.2,6,0.991475776613682
38.4,6,0.990253612013168
38.6,6,0.988951792055749
38.8,6,0.987576775104314
39,6,0.986135002523808
39.2,6,0.98463289422348
39.4,6,0.983076844612384
39.6,6,0.98147321896697
39.8,6,0.979828350208906
40,6,0.978148536090687
0,7,1.01320990240089
0.2,7,1.0135542249547
0.4,7,1.01386813879031
0.6,7,1.01414915288865
0.8,7,1.01439477655011
1,7,1.01460252022847
1.2,7,1.01476989642528
1.4,7,1.01489442064452
1.6,7,1.01497361240724
1.8,7,1.01500499632563
2,7,1.01498610323642
2.2,7,1.01491492963236
2.4,7,1.01479362189002
2.6,7,1.01462653193844
2.8,7,1.01441803572007
3,7,1.01417251104182
3.2,7,1.01389433588747
3.4,7,1.01358788691825
3.6,7,1.01325753816182
3.8,7,1.01290765988972
4,7,1.01254261768318
4.2,7,1.01216677168714
4.4,7,1.01178447605209
4.6,7,1.01140007856342
4.8,7,1.01101792045776
5,7,1.01064233642592
5.2,7,1.01027765480181
5.4,7,1.00992819793702
5.6,7,1.00959828276049
5.8,7,1.00929222152298
6,7,1.00901432272588
6.2,7,1.00876889223436
6.4,7,1.00856023386926
6.6,7,1.0083908542287
6.8,7,1.00825758190848
7,7,1.00815613167319
7.2,7,1.00808222330744
7.4,7,1.008031580357
7.6,7,1.00799992905193
7.8,7,1.00798299741107
8,7,1.00797651452784
8.2,7,1.00797621003709
8.4,7,1.00797781376286
8.6,7,1.00797705554712
8.8,7,1.00796966525938
9,7,1.00795137298716
9.2,7,1.00791790940744
9.4,7,1.00786500633882
9.6,7,1.00778839747451
9.8,7,1.00768381929581
10,7,1.00754701216588
10.2,7,1.00737372160337
10.4,7,1.00715969973543
10.6,7,1.00690070692927
10.8,7,1.00659263384281
11,7,1.00623556710156
11.2,7,1.00583476677503
11.4,7,1.0053958103654
11.6,7,1.00492427051819
11.8,7,1.00442571307034
12,7,1.00390569540624
12.2,7,1.00336976512119
12.4,7,1.00282345899171
12.6,7,1.00227230225164
12.8,7,1.00172180817322
13,7,1.00117747795183
13.2,7,1.00064480089338
13.4,7,1.00012925490319
13.6,7,0.99963630727517
13.8,7,0.99917141578049
14,7,0.998740030054654
14.2,7,0.998347593282537
14.4,7,0.997999544180823
14.6,7,0.997701319277758
14.8,7,0.997458355490387
15,7,0.997276092999831
15.2,7,0.997159155719264
15.4,7,0.997105237188049
15.6,7,0.997108561159884
15.8,7,0.997163335693105
16,7,0.997263776169309
16.2,7,0.997404102474367
16.4,7,0.997578536516217
16.6,7,0.997781300078532
16.8,7,0.998006613009753
17,7,0.998248691747268
17.2,7,0.998501748176837
17.4,7,0.99875998882751
17.6,7,0.999017614402504
17.8,7,0.999268819646562
18,7,0.999507793550397
18.2,7,0.999728719892807
18.4,7,0.999925778120976
18.6,7,1.00009314456938
18.8,7,1.00022499401752
19,7,1.00031550158653
19.2,7,1.00035884497436
19.4,7,1.00034920887515
19.6,7,1.00028326291231
19.8,7,1.00016505416377
20,7,1
20.2,7,0.999793521344517
20.4,7,0.99955104028643
20.6,7,0.999277977985783
20.8,7,0.998979752872177
21,7,0.998661779136823
21.2,7,0.998329465517901
21.4,7,0.997988214378933
21.6,7,0.997643421079697
21.8,7,0.997300473639075
22,7,0.996964752689202
22.2,7,0.996641631720203
22.4,7,0.99633647761485
22.6,7,0.996054651472525
22.8,7,0.995801509721971
23,7,0.995582405522459
23.2,7,0.995402690453205
23.4,7,0.995267716491075
23.6,7,0.995182838276929
23.8,7,0.995153261429327
24,7,0.995179405043207
24.2,7,0.99525608658409
24.4,7,0.995377811401906
24.6,7,0.995539088797567
24.8,7,0.995734429686265
25,7,0.995958344564511
25.2,7,0.996205341780473
25.4,7,0.996469926107426
25.6,7,0.996746597620413
25.8,7,0.997029850876372
26,7,0.997314174398176
26.2,7,0.99759405046309
26.4,7,0.99786395519625
26.6,7,0.998118358969753
26.8,7,0.998351727107905
27,7,0.998558520899106
27.2,7,0.998733198914713
27.4,7,0.998870218635023
27.6,7,0.998964038382322
27.8,7,0.999009119560633
28,7,0.998999929201507
28.2,7,0.998931897181468
28.4,7,0.998807987305636
28.6,7,0.998634736022514
28.8,7,0.998418704648612
29,7,0.998166454944897
29.2,7,0.997884546526185
29.4,7,0.997579534700898
29.6,7,0.997257968741183
29.8,7,0.996926390583065
30,7,0.996591333955988
30.2,7,0.996259323940958
30.4,7,0.995936876956317
30.6,7,0.995630501170177
30.8,7,0.995346697338565
31,7,0.995091960068459
31.2,7,0.994872779505049
31.4,7,0.994695643442885
31.6,7,0.994567039860859
31.8,7,0.994493459881452
32,7,0.994481401155132
32.2,7,0.994537371671399
32.4,7,0.994667889293614
32.6,7,0.994875705114465
32.8,7,0.995152982230404
33,7,0.995490046768398
33.2,7,0.995877223713919
33.4,7,0.996304831554184
33.6,7,0.996763177864295
33.8,7,0.997242555836687
34,7,0.997733241755379
34.2,7,0.998225493417314
34.4,7,0.998709549503676
34.6,7,0.999175629904331
34.8,7,0.999613936998611
35,7,1.00001465789543
35.2,7,1.00036796763521
35.4,7,1.00066403335546
35.6,7,1.00089301942063
35.8,7,1.00104509351581
36,7,1.00111043370221
36.2,7,1.00107923643045
36.4,7,1.00094172550589
36.6,7,1.00068816199761
36.8,7,1.00030911267828
37,7,0.999802388635629
37.2,7,0.999173814843326
37.4,7,0.998429661662386
37.6,7,0.99757622299102
37.8,7,0.996619809321413
38,7,0.995566741173902
38.2,7,0.994423342913654
38.4,7,0.993195936953859
38.6,7,0.991890838348422
38.8,7,0.990514349776192
39,7,0.98907275691783
39.2,7,0.987572324225624
39.4,7,0.986019291085767
39.6,7,0.984419868371927
39.8,7,0.982780235388313
40,7,0.981106537199868
0,8,1.01462634830291
0.2,8,1.01482065878252
0.4,8,1.01498597973055
0.6,8,1.01511995554285
0.8,8,1.01522023214405
1,8,1.01528445773973
1.2,8,1.01531028362257
1.4,8,1.01529536503225
1.6,8,1.01523736206866
1.8,8,1.01513394065831
2,8,1.01498277357327
2.2,8,1.01478199856158
2.4,8,1.01453389221688
2.6,8,1.01424292849515
2.8,8,1.01391360228699
3,8,1.01355040740134
3.2,8,1.01315783497119
3.4,8,1.01274037205796
3.6,8,1.01230250045415
3.8,8,1.01184869568435
4,8,1.01138342620408
4.2,8,1.01091115279616
4.4,8,1.0104363281641
4.6,8,1.00996339672175
4.8,8,1.00949679457881
5,8,1.00904094972142
5.2,8,1.00860028238726
5.4,8,1.00817920563455
5.6,8,1.00778212610443
5.8,8,1.00741344497624
6,8,1.00707755911544
6.2,8,1.0067788624138
6.4,8,1.00652174662952
6.6,8,1.00630883951938
6.8,8,1.00613719625215
7,8,1.00600278038353
7.2,8,1.00590156206089
7.4,8,1.00582951661525
7.6,8,1.0057826233151
7.8,8,1.00575686428131
8,8,1.00574822356306
8.2,8,1.00575268637425
8.4,8,1.0057662384903
8.6,8,1.00578486580529
8.8,8,1.00580455404926
9,8,1.00582128866579
9.2,8,1.00583105484971
9.4,8,1.00582983774519
9.6,8,1.00581362280398
9.8,8,1.00577839630388
10,8,1.0057201460274
10.2,8,1.00563486210037
10.4,8,1.00551853799038
10.6,8,1.0053671716646
10.8,8,1.00517686659573
11,8,1.00494720283579
11.2,8,1.00468204984156
11.4,8,1.00438554209823
11.6,8,1.00406181245092
11.8,8,1.00371499090347
12,8,1.00334920358689
12.2,8,1.00296857189729
12.4,8,1.0025772118031
12.6,8,1.00217923332137
12.8,8,1.00177874016267
13,8,1.00137982954418
13.2,8,1.00098659217068
13.4,8,1.00060311238267
13.6,8,1.00023346847147
13.8,8,0.999881733160725
14,8,0.999551974253888
14.2,8,0.999248255447493
14.4,8,0.998974637309873
14.6,8,0.998735178425247
14.8,8,0.998533936703129
15,8,0.998374970853222
15.2,8,0.998261762024804
15.4,8,0.998192902886716
15.6,8,0.998164537494559
15.8,8,0.998172797146533
16,8,0.998213817343157
16.2,8,0.998283736443933
16.4,8,0.998378694474058
16.6,8,0.998494832080831
16.8,8,0.99862828963953
17,8,0.998775206508633
17.2,8,0.998931720434362
17.4,8,0.999093967104566
17.6,8,0.999258079852068
17.8,8,0.999420189507584
18,8,0.999576424402392
18.2,8,0.999722910520911
18.4,8,0.999855771803357
18.6,8,0.999971130598592
18.8,8,1.00006510826729
19,8,1.00013382593541
19.2,8,1.00017340539802
19.4,8,1.00017997140558
19.6,8,1.00015130498783
19.8,8,1.00009010917005
20,8,1
20.2,8,0.999884594953794
20.4,8,0.999747511956398
20.6,8,0.999592368532818
20.8,8,0.999422781090002
21,8,0.999242364329504
21.2,8,0.999054730790877
21.4,8,0.998863490525703
21.6,8,0.998672250902129
21.8,8,0.998484616539747
22,8,0.998304189374659
22.2,8,0.998134568854555
22.4,8,0.997979352263633
22.6,8,0.997842135177261
22.8,8,0.99772651204625
23,8,0.997636076910746
23.2,8,0.997574424243722
23.4,8,0.997545149924213
23.6,8,0.997551852340468
23.8,8,0.997598023453209
24,8,0.997683735478486
24.2,8,0.99780505718681
24.4,8,0.997957831823327
24.6,8,0.998137903334423
24.8,8,0.9983411151423
25,8,0.998563309092983
25.2,8,0.998800324577671
25.4,8,0.999047997827492
25.6,8,0.999302161381793
25.8,8,0.999558643730193
26,8,0.999813269128641
26.2,8,1.0000618575898
26.4,8,1.00030022504806
26.6,8,1.00052418369942
26.8,8,1.00072954251666
27,8,1.00091210793979
27.2,8,1.0010676847422
27.4,8,1.00119207707229
27.6,8,1.00128108967076
27.8,8,1.00133052926319
28,8,1.00133620612776
28.2,8,1.00129467947474
28.4,8,1.00120837740248
28.6,8,1.00108251099723
28.8,8,1.0009223105285
29,8,1.0007330068446
29.2,8,1.00051982971759
29.4,8,1.0002880064611
29.6,8,1.00004276082113
29.8,8,0.999789312139682
30,8,0.999532874790871
30.2,8,0.999278657889197
30.4,8,0.999031865269487
30.6,8,0.998797695738038
30.8,8,0.998581343594504
31,8,0.998387999424123
31.2,8,0.998222851159972
31.4,8,0.99809108541509
31.6,8,0.997997889084456
31.8,8,0.997948451217052
32,8,0.997947965158472
32.2,8,0.998001630964838
32.4,8,0.998114654246595
32.6,8,0.998289161070296
32.8,8,0.998518627455775
33,8,0.998795027565895
33.2,8,0.999110334078117
33.4,8,0.999456514726908
33.6,8,0.999825529492635
33.8,8,1.0002093284373
34,8,1.00059985018803
34.2,8,1.00098902106974
34.4,8,1.00136875488843
34.6,8,1.001730953367
34.8,8,1.00206750723526
35,8,1.00237029797559
35.2,8,1.00263120022553
35.4,8,1.00284208483806
35.6,8,1.00299482259971
35.8,8,1.00308128860573
36,8,1.00309336729094
36.2,8,1.00302295811356
36.4,8,1.00286198188812
36.6,8,1.00260238776246
36.8,8,1.00223637593308
37,8,1.00176219022787
37.2,8,1.00118476075388
37.4,8,1.00050938494994
37.6,8,0.999741376209332
37.8,8,0.998886058912922
38,8,0.997948763732673
38.2,8,0.9969348232086
38.4,8,0.995849567601458
38.6,8,0.99469832102293
38.8,8,0.99348639784445
39,8,0.992219099385261
39.2,8,0.990901710879799
39.4,8,0.989539498724062
39.6,8,0.988137708000154
39.8,8,0.986701560277849
40,8,0.985236251691666
0,9,1.01596228268307
0.2,9,1.01594063746239
0.4,9,1.01589596074773
0.6,9,1.01582639808575
0.8,9,1.01573009727314
1,9,1.01560520882788
1.2,9,1.015449886494
1.4,9,1.01526228777956
1.6,9,1.01504057452779
1.8,9,1.01478291352099
2,9,1.01448747711713
2.2,9,1.01415283775022
2.4,9,1.01378113268017
2.6,9,1.01337638925866
2.8,9,1.01294264937641
3,9,1.0124839508034
3.2,9,1.01200432611836
3.4,9,1.01150780179868
3.6,9,1.01099839747057
3.8,9,1.01048012531909
4,9,1.00995698965754
4.2,9,1.00943298665578
4.4,9,1.00891210422686
4.6,9,1.00839832207155
4.8,9,1.00789561187992
5,9,1.0074079376898
5.2,9,1.00693925640117
5.4,9,1.00649351844645
5.6,9,1.00607466861585
5.8,9,1.0056866470378
6,9,1.00533339031402
6.2,9,1.00501883280922
6.4,9,1.00474690746917
6.6,9,1.0045199523237
6.8,9,1.00433526595661
7,9,1.00418916057525
7.2,9,1.00407795526101
7.4,9,1.00399797462553
7.6,9,1.00394554760234
7.8,9,1.00391700637329
8,9,1.00390868542947
8.2,9,1.00391692076614
8.4,9,1.00393804921174
8.6,9,1.00396840789046
8.8,9,1.00400433381873
9,9,1.00404216363515
9.2,9,1.00407823346424
9.4,9,1.00410887891377
9.6,9,1.00413043520593
9.8,9,1.00413923744207
10,9,1.00413162100136
10.2,9,1.00410392207308
10.4,9,1.00405247832253
10.6,9,1.0039736296905
10.8,9,1.00386380213349
11,9,1.00372230795238
11.2,9,1.00355202231957
11.4,9,1.00335604133329
11.6,9,1.00313746082535
11.8,9,1.00289937561786
12,9,1.00264487887517
12.2,9,1.00237706155132
12.4,9,1.00209901193253
12.6,9,1.00181381527503
12.8,9,1.00152455353782
13,9,1.00123430521038
13.2,9,1.00094614523503
13.4,9,1.00066314502382
13.6,9,1.0003883725698
13.8,9,1.00012489265234
14,9,0.999875767136542
14.2,9,0.999644055366342
14.4,9,0.999432814651441
14.6,9,0.999245100847793
14.8,9,0.999083969031705
15,9,0.998952474267544
15.2,9,0.99885326028737
15.4,9,0.998785495577096
15.6,9,0.998746607199283
15.8,9,0.998734012164734
16,9,0.998745129833518
16.2,9,0.998777381269026
16.4,9,0.998828188658874
16.6,9,0.998894974802508
16.8,9,0.998975162665425
17,9,0.999066174999956
17.2,9,0.99916543403257
17.4,9,0.999270361217708
17.6,9,0.999378377058153
17.8,9,0.999486900991976
18,9,0.999593351346095
18.2,9,0.999695145356498
18.4,9,0.999789699255178
18.6,9,0.999874428423827
18.8,9,0.999946747614319
19,9,1.00000407123602
19.2,9,1.00004381370991
19.4,9,1.00006339070952
19.6,9,1.00006131900326
19.8,9,1.00003938949673
20,9,1
20.2,9,0.999945548949511
20.4,9,0.999878435018218
20.6,9,0.999801056783237
20.8,9,0.999715812450991
21,9,0.999625099639865
21.2,9,0.999531315220364
21.4,9,0.999436855212757
21.6,9,0.999344114742165
21.8,9,0.999255488051069
22,9,0.999173368569189
22.2,9,0.999100149040718
22.4,9,0.999038221708855
22.6,9,0.998989978557657
22.8,9,0.998957811611172
23,9,0.998944113289889
23.2,9,0.998951276824542
23.4,9,0.99898169672732
23.6,9,0.999037769320584
23.8,9,0.999121816027407
24,9,0.999233758352448
24.2,9,0.999370707843061
24.4,9,0.999529616713427
24.6,9,0.999707436824229
24.8,9,0.99990111905842
25,9,1.00010761279008
25.2,9,1.00032386544637
25.4,9,1.00054682216267
25.6,9,1.00077342553098
25.8,9,1.00100061544163
26,9,1.0012253290186
26.2,9,1.00144450064843
26.4,9,1.00165506210292
26.6,9,1.00185394275586
26.8,9,1.0020380698937
27,9,1.00220436912049
27.2,9,1.002349764857
27.4,9,1.00247118093418
27.6,9,1.00256554128079
27.8,9,1.00262977070531
28,9,1.00266079577185
28.2,9,1.00265608780685
28.4,9,1.00261739481278
28.6,9,1.0025484928987
28.8,9,1.00245317226142
29,9,1.00233522396082
29.2,9,1.00219843899332
29.4,9,1.00204660750855
29.6,9,1.00188351816928
29.8,9,1.00171295765456
30,9,1.00153871030603
30.2,9,1.0013645579172
30.4,9,1.00119427966568
30.6,9,1.00103165218801
30.8,9,1.00088044979713
31,9,1.00074444484217
31.2,9,1.00062740821048
31.4,9,1.00053310997189
31.6,9,1.00046532016513
31.8,9,1.00042780972645
32,9,1.00042435156064
32.2,9,1.00045872175463
32.4,9,1.00053469815079
32.6,9,1.00065382507749
32.8,9,1.00081137891402
33,9,1.00100154744013
33.2,9,1.00121851760732
33.4,9,1.0014564738109
33.6,9,1.00170959650018
33.8,9,1.00197206112678
34,9,1.0022380374315
34.2,9,1.00250168907018
34.4,9,1.00275717357918
34.6,9,1.00299864268113
34.8,9,1.00322024293143
35,9,1.0034161167061
35.2,9,1.0035804035314
35.4,9,1.00370724175527
35.6,9,1.00379077056068
35.8,9,1.00382513232051
36,9,1.00380447529315
36.2,9,1.00372295665785
36.4,9,1.0035747458881
36.6,9,1.00335402846106
36.8,9,1.00305516619437
37,9,1.00267690504785
37.2,9,1.00222284325857
37.4,9,1.00169684151852
37.6,9,1.00110276867284
37.8,9,1.00044449905536
38,9,0.999725909968715
38.2,9,0.998950879310614
38.4,9,0.998123283346757
38.6,9,0.997246994631335
38.8,9,0.996325880075397
39,9,0.995363799163357
39.2,9,0.99436460231762
39.4,9,0.993332129411186
39.6,9,0.992270208427875
39.8,9,0.991182654269707
40,9,0.990073267710806
0,10,1.01723114759746
0.2,10,1.01693836789311
0.4,10,1.01663239061824
0.6,10,1.01631215683682
0.8,10,1.01597660953334
1,10,1.0156246937676
1.2,10,1.01525535684037
1.4,10,1.01486754846993
1.6,10,1.01446022097945
1.8,10,1.01403232949503
2,10,1.01358283215451
2.2,10,1.0131109694062
2.4,10,1.01261850593449
2.6,10,1.01210854264054
2.8,10,1.01158418758721
3,10,1.01104854315942
3.2,10,1.01050470567168
3.4,10,1.00995576507055
3.6,10,1.00940480473176
3.8,10,1.00885490135155
4,10,1.008309124932
4.2,10,1.00777053885989
4.4,10,1.00724220007878
4.6,10,1.00672715935402
4.8,10,1.00622846163027
5,10,1.0057491464813
5.2,10,1.00529224865176
5.4,10,1.00486079869077
5.6,10,1.00445782367707
5.8,10,1.00408634803572
6,10,1.00374939444615
6.2,10,1.00344998484181
6.4,10,1.00319114098523
6.6,10,1.00297457132199
6.8,10,1.00279783251866
7,10,1.00265766891511
7.2,10,1.0025508309085
7.4,10,1.00247407382318
7.6,10,1.00242415688628
7.8,10,1.00239784230855
8,10,1.00239189447023
8.2,10,1.00240307921162
8.4,10,1.00242816322813
8.6,10,1.00246391356977
8.8,10,1.00250709724496
9,10,1.00255448092861
9.2,10,1.0026028307745
9.4,10,1.00264891233197
9.6,10,1.00268949056689
9.8,10,1.00272132998708
10,10,1.00274119487201
10.2,10,1.00274584960702
10.4,10,1.00273205912182
10.6,10,1.00269658943336
10.8,10,1.0026362772687
11,10,1.00255036265226
11.2,10,1.00244105309671
11.4,10,1.00231074036735
11.6,10,1.0021618164154
11.8,10,1.00199667290613
12,10,1.00181770080396
12.2,10,1.00162729001447
12.4,10,1.00142782908356
12.6,10,1.00122170495339
12.8,10,1.00101130277536
13,10,1.00079900577985
13.2,10,1.0005871952028
13.4,10,1.00037825026895
13.6,10,1.00017454823164
13.8,10,0.999978464469261
14,10,0.999792372638027
14.2,10,0.99961864488121
14.4,10,0.999459652094669
14.6,10,0.999317764248658
14.8,10,0.999195350765908
15,10,0.999094780955959
15.2,10,0.99901811743988
15.4,10,0.998964833387401
15.6,10,0.998933103979128
15.8,10,0.998921096336526
16,10,0.99892697891284
16.2,10,0.998948921148347
16.4,10,0.998985093159255
16.6,10,0.999033665460202
16.8,10,0.999092808720308
17,10,0.999160693552763
17.2,10,0.999235490337926
17.4,10,0.999315369079939
17.6,10,0.999398499296856
17.8,10,0.999483049944296
18,10,0.999567189372642
18.2,10,0.999649085317787
18.4,10,0.999726904925475
18.6,10,0.999798814809222
18.8,10,0.999862981141863
19,10,0.99991756978072
19.2,10,0.999960746426402
19.4,10,0.999990677390778
19.6,10,1.00000630142371
19.8,10,1.00000885490729
20,10,1
20.2,10,0.999981399232563
20.4,10,0.999954715332141
20.6,10,0.999921611074124
20.8,10,0.999883749161571
21,10,0.999842792132284
21.2,10,0.999800402293539
21.4,10,0.999758241684447
21.6,10,0.999717972065948
21.8,10,0.999681254938435
22,10,0.999649751586986
22.2,10,0.999625123154218
22.4,10,0.99960903074074
22.6,10,0.999603135533219
22.8,10,0.999609098960054
23,10,0.999628582874686
23.2,10,0.999663249766546
23.4,10,0.999714762999688
23.6,10,0.999784787079129
23.8,10,0.999874934087844
24,10,0.999985143568894
24.2,10,1.00011339677975
24.4,10,1.00025756366938
24.6,10,1.00041551378696
24.8,10,1.00058511596504
25,10,1.00076423804828
25.2,10,1.00095074666758
25.4,10,1.00114250705963
25.6,10,1.00133738293203
25.8,10,1.001533236374
26,10,1.00172792781264
26.2,10,1.00191931601492
26.4,10,1.0021052581354
26.6,10,1.00228360980972
26.8,10,1.00245222529405
27,10,1.00260895765031
27.2,10,1.00275165897743
27.4,10,1.0028781806886
27.6,10,1.00298637383441
27.8,10,1.00307408947208
28,10,1.00313917908054
28.2,10,1.00317984351603
28.4,10,1.00319703244841
28.6,10,1.00319299927775
28.8,10,1.00317000662998
29,10,1.00313031808922
29.2,10,1.00307619779557
29.4,10,1.00300991009399
29.6,10,1.00293371923424
29.8,10,1.00284988912189
30,10,1.00276068312039
30.2,10,1.00266836390432
30.4,10,1.00257519336356
30.6,10,1.00248343255863
30.8,10,1.002395341727
31,10,1.00231318034027
31.2,10,1.00223920721251
31.4,10,1.00217568065926
31.6,10,1.00212485870766
31.8,10,1.00208899935734
32,10,1.00207036089226
32.2,10,1.0020712022435
32.4,10,1.00209378184185
32.6,10,1.00213910363913
32.8,10,1.00220465488684
33,10,1.00228731208962
33.2,10,1.00238395171286
33.4,10,1.00249144969792
33.6,10,1.00260668107486
33.8,10,1.00272651967245
34,10,1.00284783792573
34.2,10,1.00296750678112
34.4,10,1.00308239569898
34.6,10,1.00318937275402
34.8,10,1.00328530483336
35,10,1.00336705793243
35.2,10,1.00343149754873
35.4,10,1.00347548917347
35.6,10,1.00349589888102
35.8,10,1.00348959401618
36,10,1.003453443979
36.2,10,1.00338432110714
36.4,10,1.00327910165532
36.6,10,1.00313466687163
36.8,10,1.00294798817727
37,10,1.00271838814841
37.2,10,1.00244779328594
37.4,10,1.0021382682561
37.6,10,1.00179187991292
37.8,10,1.00141069652345
38,10,1.00099678703476
38.2,10,1.00055222038309
38.4,10,1.00007906484518
38.6,10,0.999579387431873
38.8,10,0.999055253324155
39,10,0.998508725351478
39.2,10,0.997941863512545
39.4,10,0.997356724538412
39.6,10,0.996755361497891
39.8,10,0.99613982344516
40,10,0.995512155109481
0,11,1.01844646905481
0.2,11,1.01783820453302
0.4,11,1.01722978116792
0.6,11,1.01662115759196
0.8,11,1.0160122925382
1,11,1.01540314484042
1.2,11,1.01479367343323
1.4,11,1.01418383735217
1.6,11,1.01357359573388
1.8,11,1.01296290781626
2,11,1.01235173293858
2.2,11,1.01174015393217
2.4,11,1.01112936806221
2.6,11,1.01052116126671
2.8,11,1.009917320644
3,11,1.00931962905222
3.2,11,1.00872986520236
3.4,11,1.00814980378268
3.6,11,1.00758121561439
3.8,11,1.00702586783855
4,11,1.006485524134
4.2,11,1.00596194496622
4.4,11,1.00545688786714
4.6,11,1.00497210774571
4.8,11,1.00450935722917
5,11,1.00407038703516
5.2,11,1.00365694637439
5.4,11,1.00327078338401
5.6,11,1.00291364559174
5.8,11,1.00258728041065
6,11,1.00229343566478
6.2,11,1.00203386014561
6.4,11,1.00181030382888
6.6,11,1.00162357431544
6.8,11,1.00147149733518
7,11,1.00135131532274
7.2,11,1.00126027525866
7.4,11,1.00119562783212
7.6,11,1.00115462667946
7.8,11,1.00113452769859
8,11,1.00113258843871
8.2,11,1.00114606756543
8.4,11,1.00117222440104
8.6,11,1.00120831853991
8.8,11,1.00125160953892
9,11,1.00129935668292
9.2,11,1.00134881882521
9.4,11,1.00139725430309
9.6,11,1.0014419209284
9.8,11,1.00148007605322
10,11,1.00150897671059
10.2,11,1.00152587983045
10.4,11,1.00152804253054
10.6,11,1.00151272248258
10.8,11,1.0014772359323
11,11,1.00142090483084
11.2,11,1.00134552806225
11.4,11,1.00125305829672
11.6,11,1.00114544843039
11.8,11,1.00102465127128
12,11,1.00089261926344
12.2,11,1.000751304249
12.4,11,1.00060265726838
12.6,11,1.00044862839844
12.8,11,1.00029116662871
13,11,1.00013221977558
13.2,11,0.999973734434427
13.4,11,0.999817655969629
13.6,11,0.999665928542501
13.8,11,0.999520495176997
14,11,0.99938329786322
14.2,11,0.99925627769868
14.4,11,0.999141375067271
14.6,11,0.999040529855956
14.8,11,0.998955681709149
15,11,0.998888770320793
15.2,11,0.998841483521163
15.4,11,0.998813381913812
15.6,11,0.998802959515409
15.8,11,0.998808703375414
16,11,0.998829101344732
16.2,11,0.998862641842392
16.4,11,0.998907813645146
16.6,11,0.99896310569999
16.8,11,0.999027006959553
17,11,0.999098006240373
17.2,11,0.999174592104035
17.4,11,0.999255252761177
17.6,11,0.999338475998374
17.8,11,0.9994227491279
18,11,0.999506558960381
18.2,11,0.999588391800357
18.4,11,0.99966673346476
18.6,11,0.999740069324324
18.8,11,0.999806884367938
19,11,0.99986566328995
19.2,11,0.999914890600431
19.4,11,0.999953051223682
19.6,11,0.999979254459234
19.8,11,0.999994467059762
20,11,1
20.2,11,0.999997164591903
20.4,11,0.999987272366311
20.6,11,0.999971634971795
20.8,11,0.999951564090704
21,11,0.999928371372418
21.2,11,0.999903368383796
21.4,11,0.999877866576836
21.6,11,0.999853177273528
21.8,11,0.999830611667915
22,11,0.999811480845344
22.2,11,0.999797095818913
22.4,11,0.999788767583107
22.6,11,0.999787807184634
22.8,11,0.999795525810445
23,11,0.999813234892963
23.2,11,0.999842246232519
23.4,11,0.999883872137006
23.6,11,0.999939425578776
23.8,11,1.00001018234705
24,11,1.00009623728294
24.2,11,1.00019630269776
24.4,11,1.00030901242765
24.6,11,1.00043300020721
24.8,11,1.00056689950583
25,11,1.00070934338278
25.2,11,1.00085896436095
25.4,11,1.0010143943193
25.6,11,1.001174264404
25.8,11,1.00133720495829
26,11,1.00150184547107
26.2,11,1.00166681454424
26.4,11,1.0018307398788
26.6,11,1.00199224827976
26.8,11,1.00214996567987
27,11,1.00230251718213
27.2,11,1.00244852712123
27.4,11,1.00258661914378
27.6,11,1.00271541630752
27.8,11,1.00283354119934
28,11,1.00293961607223
28.2,11,1.00303242475988
28.4,11,1.00311202647029
28.6,11,1.00317908536391
28.8,11,1.00323426989542
29,11,1.0032782491051
29.2,11,1.00331169254179
29.4,11,1.00333527019025
29.6,11,1.00334965240301
29.8,11,1.00335550983664
30,11,1.0033535133925
30.2,11,1.00334433416204
30.4,11,1.00332864337642
30.6,11,1.00330711236079
30.8,11,1.00328041249294
31,11,1.00324921516648
31.2,11,1.0032141917585
31.4,11,1.00317601360174
31.6,11,1.00313535196125
31.8,11,1.0030928780155
32,11,1.00304926284203
32.2,11,1.00300517740757
32.4,11,1.00296129235317
32.6,11,1.00291810967857
32.8,11,1.00287565927035
33,11,1.00283388899319
33.2,11,1.00279274672186
33.4,11,1.00275218034094
33.6,11,1.00271213774448
33.8,11,1.00267256683572
34,11,1.00263341552682
34.2,11,1.00259463173867
34.4,11,1.00255616340062
34.6,11,1.00251795845036
34.8,11,1.00247996483375
35,11,1.00244213050468
35.2,11,1.00240440342501
35.4,11,1.00236673156445
35.6,11,1.00232906290058
35.8,11,1.00229134541877
36,11,1.00225352711226
36.2,11,1.00221555598214
36.4,11,1.00217738003744
36.6,11,1.00213894729522
36.8,11,1.00210020688108
37,11,1.0020611386353
37.2,11,1.00202175644415
37.4,11,1.00198207596192
37.6,11,1.00194211284072
37.8,11,1.0019018827304
38,11,1.00186140127853
38.2,11,1.00182068413035
38.4,11,1.00177974692873
38.6,11,1.00173860531417
38.8,11,1.00169727492469
39,11,1.00165577139589
39.2,11,1.00161411036084
39.4,11,1.00157230745012
39.6,11,1.00153037829177
39.8,11,1.00148833851124
40,11,1.00144620373142
0,12,1.0196218489273
0.2,12,1.01866462285609
0.4,12,1.01772279394339
0.6,12,1.01679748945009
0.8,12,1.01588983315106
1,12,1.01500094552777
1.2,12,1.01413194397346
1.4,12,1.01328394301056
1.6,12,1.0124580545206
1.8,12,1.01165538798638
2,12,1.01087705074646
2.2,12,1.01012408560233
2.4,12,1.00939696797554
2.6,12,1.00869587337186
2.8,12,1.00802097589023
3,12,1.00737245104894
3.2,12,1.00675047583822
3.4,12,1.00615522877348
3.6,12,1.00558688994899
3.8,12,1.00504564109227
4,12,1.00453166561899
4.2,12,1.00404514868847
4.4,12,1.00358627725988
4.6,12,1.00315524014896
4.8,12,1.00275222808553
5,12,1.00237743377152
5.2,12,1.00203105193981
5.4,12,1.00171327941368
5.6,12,1.00142431516702
5.8,12,1.00116436038525
6,12,1.00093361852702
6.2,12,1.00073229538664
6.4,12,1.00056059895816
6.6,12,1.00041823214569
6.8,12,1.00030329642711
7,12,1.00021358033755
7.2,12,1.00014687522567
7.4,12,1.00010097472192
7.6,12,1.00007367425574
7.8,12,1.00006277062152
8,12,1.00006606159323
8.2,12,1.00008134558764
8.4,12,1.00010642137603
8.6,12,1.00013908784446
8.8,12,1.00017714380241
9,12,1.00021838783994
9.2,12,1.00026061823327
9.4,12,1.00030163289886
9.6,12,1.0003392293959
9.8,12,1.00037120497733
10,12,1.0003953566894
10.2,12,1.00040948151961
10.4,12,1.00041137659328
10.6,12,1.00039883941858
10.8,12,1.00036971618685
11,12,1.0003235251402
11.2,12,1.00026184949021
11.4,12,1.00018640053984
11.6,12,1.00009888969552
11.8,12,1.00000102824624
12,12,0.999894527172029
12.2,12,0.999781096981629
12.4,12,0.999662447579411
12.6,12,0.999540288161567
12.8,12,0.999416327141524
13,12,0.999292272104559
13.2,12,0.99916982979161
13.4,12,0.999050706112241
13.6,12,0.998936606186746
13.8,12,0.998829234417364
14,12,0.998730294588591
14.2,12,0.99864148999656
14.4,12,0.998564523607489
14.6,12,0.998501098245189
14.8,12,0.998452916807633
15,12,0.998421682512605
15.2,12,0.99840886400244
15.4,12,0.998413946778719
15.6,12,0.998435421761753
15.8,12,0.998471773119335
16,12,0.99852148551082
16.2,12,0.998583043872739
16.4,12,0.99865493322744
16.6,12,0.998735638514742
16.8,12,0.998823644446594
17,12,0.998917435384728
17.2,12,0.999015495241319
17.4,12,0.999116307402653
17.6,12,0.999218354675805
17.8,12,0.999320119258368
18,12,0.999420082731211
18.2,12,0.999516726074318
18.4,12,0.999608529705693
18.6,12,0.999693973543377
18.8,12,0.999771537090554
19,12,0.999839699543792
19.2,12,0.999896939924399
19.4,12,0.999941737688596
19.6,12,0.999973183863543
19.8,12,0.999992188773281
20,12,1
20.2,12,0.999997865570291
20.4,12,0.999987033823226
20.6,12,0.999968753293991
20.8,12,0.999944272613107
21,12,0.999914840421226
21.2,12,0.999881705299515
21.4,12,0.999846115715637
21.6,12,0.99980931998531
21.8,12,0.999772566249461
22,12,0.999737102466955
22.2,12,0.999704176422912
22.4,12,0.999675035752595
22.6,12,0.999650927980867
22.8,12,0.999633100577224
23,12,0.999622801026396
23.2,12,0.999621276914514
23.4,12,0.999629776030864
23.6,12,0.999649546485212
23.8,12,0.999681808927703
24,12,0.99972691692128
24.2,12,0.999784209166366
24.4,12,0.999852966989048
24.6,12,0.999932471928661
24.8,12,1.00002200565785
25,12,1.00012084990782
25.2,12,1.00022828639875
25.4,12,1.00034359677539
25.6,12,1.00046606254779
25.8,12,1.00059496503727
26,12,1.00072958532748
26.2,12,1.0008692042207
26.4,12,1.00101310219922
26.6,12,1.00116055939196
26.8,12,1.00131085554631
27,12,1.00146327000499
27.2,12,1.00161708168828
27.4,12,1.00177156908131
27.6,12,1.00192601022663
27.8,12,1.0020796827219
28,12,1.00223186372284
28.2,12,1.00238181037253
28.4,12,1.0025286250092
28.6,12,1.00267133630373
28.8,12,1.00280897197897
29,12,1.00294055929311
29.2,12,1.00306512509364
29.4,12,1.00318169588065
29.6,12,1.0032892978796
29.8,12,1.00338695712354
30,12,1.00347369954478
30.2,12,1.00354855107594
30.4,12,1.00361053776055
30.6,12,1.00365868587293
30.8,12,1.00369202204767
31,12,1.00370957341831
31.2,12,1.0037103677656
31.4,12,1.00369343367497
31.6,12,1.00365780070345
31.8,12,1.00360249955582
32,12,1.00352656227009
32.2,12,1.00342902241218
32.4,12,1.00330891651775
32.6,12,1.00316627885796
32.8,12,1.00300393403217
33,12,1.00282519061117
33.2,12,1.00263335573686
33.4,12,1.0024317346365
33.6,12,1.00222363024614
33.8,12,1.0020123429427
34,12,1.00180117038494
34.2,12,1.00159340746296
34.4,12,1.00139234635616
34.6,12,1.00120127669944
34.8,12,1.00102348585758
35,12,1.00086225930761
35.2,12,1.00072088112909
35.4,12,1.00060263460225
35.6,12,1.00051080291399
35.8,12,1.00044866997179
36,12,1.00041952132562
36.2,12,1.00042664519815
36.4,12,1.00047333362342
36.6,12,1.00056288369451
36.8,12,1.00069850934113
37,12,1.00088093200689
37.2,12,1.00110810747038
37.4,12,1.00137785162625
37.6,12,1.0016879836063
37.8,12,1.00203632486916
38,12,1.00242069833822
38.2,12,1.00283892758786
38.4,12,1.00328883607755
38.6,12,1.00376824643386
38.8,12,1.00427497978015
39,12,1.0048068551139
39.2,12,1.00536168873169
39.4,12,1.00593729370184
39.6,12,1.00653147938473
39.8,12,1.00714205100089
40,12,1.00776680924699
0,13,1.02077095866729
0.2,13,1.01944219865407
0.4,13,1.01814619860701
0.6,13,1.01688533760808
0.8,13,1.01566198580759
1,13,1.01447850529432
1.2,13,1.01333725102134
1.4,13,1.01224057178738
1.6,13,1.01119081127351
1.8,13,1.01019030913535
2,13,1.00924140215067
2.2,13,1.00834615685716
2.4,13,1.00750421477864
2.6,13,1.00671393960873
2.8,13,1.00597369601578
3,13,1.00528186073896
3.2,13,1.0046368218209
3.4,13,1.00403697786786
3.6,13,1.00348073733705
3.8,13,1.00296651785059
4,13,1.00249274553576
4.2,13,1.00205785439114
4.4,13,1.00166028567824
4.6,13,1.00129848733834
4.8,13,1.00097091343429
5,13,1.0006760236168
5.2,13,1.0004122826153
5.4,13,1.00017815975271
5.6,13,0.999972128484337
5.8,13,0.999792665960399
6,13,0.99963825261217
6.2,13,0.99950737176153
6.4,13,0.999398509243421
6.6,13,0.999310126592181
6.8,13,0.999240603510845
7,13,0.999188304786493
7.2,13,0.999151596497371
7.4,13,0.9991288457448
7.6,13,0.999118420411851
7.8,13,0.999118688948735
8,13,0.999128020184872
8.2,13,0.999144783167613
8.4,13,0.999167347027608
8.6,13,0.999194080870795
8.8,13,0.999223353697016
9,13,0.999253534345259
9.2,13,0.999282991465522
9.4,13,0.999310093517306
9.6,13,0.999333208794753
9.8,13,0.999350705478414
10,13,0.999360951713668
10.2,13,0.999362315715781
10.4,13,0.999353165901607
10.6,13,0.999331871047917
10.8,13,0.999296840129778
11,13,0.999247863138455
11.2,13,0.999186435552368
11.4,13,0.999114158475986
11.6,13,0.999032632941847
11.8,13,0.998943459749644
12,13,0.998848239330952
12.2,13,0.998748571639587
12.4,13,0.998646056067601
12.6,13,0.998542291386888
12.8,13,0.998438875716399
13,13,0.998337406514935
13.2,13,0.998239480599511
13.4,13,0.998146694189267
13.6,13,0.998060642974914
13.8,13,0.997982922213691
14,13,0.997915126849838
14.2,13,0.997858851660561
14.4,13,0.997815691427515
14.6,13,0.997787241133775
14.8,13,0.997775096186356
15,13,0.997780852664266
15.2,13,0.997805864345467
15.4,13,0.997849433956975
15.6,13,0.997909835342149
15.8,13,0.997985335099135
16,13,0.99807420004148
16.2,13,0.998174696950733
16.4,13,0.998285092359181
16.6,13,0.998403652362713
16.8,13,0.998528642463808
17,13,0.998658327444659
17.2,13,0.998790971270451
17.4,13,0.9989248370228
17.6,13,0.999058186863399
17.8,13,0.99918928202787
18,13,0.999316382849882
18.2,13,0.999437748815534
18.4,13,0.999551638648045
18.6,13,0.999656310422765
18.8,13,0.999750021712537
19,13,0.999831029763402
19.2,13,0.999897591700664
19.4,13,0.999947965278526
19.6,13,0.999981097222419
19.8,13,0.999997983457757
20,13,1
20.2,13,0.999988523581873
20.4,13,0.999964931458126
20.6,13,0.999930601229215
20.8,13,0.999886910683923
21,13,0.999835237660954
21.2,13,0.999776959929491
21.4,13,0.999713455088731
21.6,13,0.999646100486408
21.8,13,0.999576273156282
22,13,0.999505349774603
22.2,13,0.999434706635543
22.4,13,0.99936571964557
22.6,13,0.999299764336788
22.8,13,0.999238215899192
23,13,0.999182449231872
23.2,13,0.999133839013119
23.4,13,0.99909375978947
23.6,13,0.999063586083652
23.8,13,0.999044670890977
24,13,0.999037695102108
24.2,13,0.999042553215847
24.4,13,0.999059095457929
24.6,13,0.999087172457641
24.8,13,0.999126635230425
25,13,0.999177335160737
25.2,13,0.999239123985144
25.4,13,0.999311853775665
25.6,13,0.999395376923349
25.8,13,0.999489546122095
26,13,0.999594214352708
26.2,13,0.999709234867186
26.4,13,0.999834461173244
26.6,13,0.999969747019069
26.8,13,1.0001149463783
27,13,1.00026991343525
27.2,13,1.00043450257034
27.4,13,1.00060856834577
27.6,13,1.00079196549139
27.8,13,1.00098454889085
28,13,1.00118617356792
28.2,13,1.00139649760933
28.4,13,1.00161362515068
28.6,13,1.00183492230606
28.8,13,1.00205774851737
29,13,1.00227946089738
29.2,13,1.00249741422429
29.4,13,1.002708961006
29.6,13,1.00291145161432
29.8,13,1.00310223448908
30,13,1.00327865641231
30.2,13,1.0034380628526
30.4,13,1.00357779837956
30.6,13,1.00369520714847
30.8,13,1.00378763345512
31,13,1.00385242236077
31.2,13,1.00388692038706
31.4,13,1.00388847628087
31.6,13,1.00385444184875
31.8,13,1.00378217286084
32,13,1.00366903002381
32.2,13,1.0035123800225
32.4,13,1.00330959937789
32.6,13,1.0030602832094
32.8,13,1.00277022299586
33,13,1.00244628419382
33.2,13,1.00209532737362
33.4,13,1.00172420614034
33.6,13,1.00133976552343
33.8,13,1.00094884083439
34,13,1.00055825699143
34.2,13,1.00017482831001
34.4,13,0.999805358758057
34.6,13,0.999456642674483
34.8,13,0.999135465950065
35,13,0.998848607669549
35.2,13,0.998602842214385
35.4,13,0.998404941825721
35.6,13,0.998261679627778
35.8,13,0.998179833112243
36,13,0.998166188084938
36.2,13,0.99822754307674
36.4,13,0.998370714221515
36.6,13,0.998602540604722
36.8,13,0.998929704851884
37,13,0.999353752879751
37.2,13,0.99987052448401
37.4,13,1.0004755787912
37.6,13,1.0011644880514
37.8,13,1.00193283376063
38,13,1.00277620298751
38.2,13,1.00369018490185
38.4,13,1.0046703675035
38.6,13,1.00571233455031
38.8,13,1.00681166268411
39,13,1.00796391875441
39.2,13,1.0091646573395
39.4,13,1.01040941846528
39.6,13,1.0116937255221
39.8,13,1.01301308338064
40,13,1.01436297670749
0,14,1.0219075348486
0.2,14,1.0201955932413
0.4,14,1.01853484316026
0.6,14,1.01692893527915
0.8,14,1.01538150412908
1,14,1.0138961701965
1.2,14,1.01247654215281
1.4,14,1.01112621921534
1.6,14,1.00984879363981
1.8,14,1.0086478533447
2,14,1.00752698466792
2.2,14,1.00648929132275
2.4,14,1.00553351313461
2.6,14,1.00465609525643
2.8,14,1.00385349194805
3,14,1.00312218538152
3.2,14,1.00245868314556
3.4,14,1.00185951587762
3.6,14,1.00132123502108
3.8,14,1.00084041070577
4,14,1.00041362974973
4.2,14,1.00003749378074
4.4,14,0.999708617475967
4.6,14,0.999423626918662
4.8,14,0.999179158070521
5,14,0.998971855358905
5.2,14,0.998798370377995
5.4,14,0.998655360703164
5.6,14,0.998539488817969
5.8,14,0.998447421153264
6,14,0.998375827238027
6.2,14,0.998321378961579
6.4,14,0.998280750133758
6.6,14,0.998251091875067
6.8,14,0.998231060966224
7,14,0.998219611228569
7.2,14,0.998215696771789
7.4,14,0.998218271909497
7.6,14,0.998226291085781
7.8,14,0.998238708812698
8,14,0.998254479618733
8.2,14,0.998272558008203
8.4,14,0.998291898431608
8.6,14,0.998311455266942
8.8,14,0.998330182811948
9,14,0.998347035287329
9.2,14,0.998360966850909
9.4,14,0.998370931622756
9.6,14,0.998375883721257
9.8,14,0.998374777310148
10,14,0.998366566656499
10.2,14,0.998350206199652
10.4,14,0.998324650631099
10.6,14,0.998288854985309
10.8,14,0.9982418066573
11,14,0.998183604516601
11.2,14,0.998115719959911
11.4,14,0.998039709199318
11.6,14,0.997957128199641
11.8,14,0.997869532563934
12,14,0.997778477443244
12.2,14,0.997685517470595
12.4,14,0.997592206719215
12.6,14,0.997500098684966
12.8,14,0.997410746292977
13,14,0.997325701928457
13.2,14,0.99724651749168
13.4,14,0.997174744477123
13.6,14,0.997111934076751
13.8,14,0.99705963730744
14,14,0.997019405162535
14.2,14,0.996992788787566
14.4,14,0.9969813396801
14.6,14,0.996986609913786
14.8,14,0.997010152386599
15,14,0.997053521093331
15.2,14,0.997118007552907
15.4,14,0.997202678570922
15.6,14,0.997305484672155
15.8,14,0.997424368205525
16,14,0.997557271384578
16.2,14,0.9977021359766
16.4,14,0.997856903034229
16.6,14,0.998019512669585
16.8,14,0.998187903870912
17,14,0.998360014361785
17.2,14,0.998533780502903
17.4,14,0.998707137236518
17.6,14,0.998878018073552
17.8,14,0.999044355123451
18,14,0.99920407916682
18.2,14,0.999355119770907
18.4,14,0.999495405447946
18.6,14,0.999622863856431
18.8,14,0.999735422045316
19,14,0.999831006741158
19.2,14,0.999907544678219
19.4,14,0.999962963575762
19.6,14,0.99999600273144
19.8,14,1.00000781470653
20,14,1
20.2,14,0.999974160281812
20.4,14,0.999931898091395
20.6,14,0.999874816561767
20.8,14,0.999804519169245
21,14,0.999722609508828
21.2,14,0.999630691095256
21.4,14,0.999530367189761
21.6,14,0.999423240652523
21.8,14,0.999310913820824
22,14,0.99919498841289
22.2,14,0.999077065457406
22.4,14,0.998958745248706
22.6,14,0.998841627327584
22.8,14,0.998727310487747
23,14,0.998617392807852
23.2,14,0.998513471709133
23.4,14,0.998417144038583
23.6,14,0.998330006177689
23.8,14,0.99825363691215
24,14,0.998189078246433
24.2,14,0.998136744403313
24.4,14,0.998097014290502
24.6,14,0.998070267223053
24.8,14,0.998056882972079
25,14,0.998057241814945
25.2,14,0.998071724586946
25.4,14,0.998100712734472
25.6,14,0.998144588369673
25.8,14,0.998203734326627
26,14,0.998278534219032
26.2,14,0.998369372499409
26.4,14,0.998476634519857
26.6,14,0.998600706594336
26.8,14,0.998741976062524
27,14,0.998900831355234
27.2,14,0.999077662061416
27.4,14,0.999272858996754
27.6,14,0.999486814273879
27.8,14,0.999719921374204
28,14,0.999972575221398
28.2,14,1.00024479989266
28.4,14,1.00053368423717
28.6,14,1.00083492271104
28.8,14,1.0011441967945
29,14,1.00145718289944
29.2,14,1.00176955211558
29.4,14,1.00207697014359
29.6,14,1.00237509741555
29.8,14,1.00265958940319
30,14,1.00292609711425
30.2,14,1.00317026777728
30.4,14,1.00338774571514
30.6,14,1.00357417340739
30.8,14,1.00372519274154
31,14,1.00383644645315
31.2,14,1.00390357975446
31.4,14,1.00392224215105
31.6,14,1.00388808944605
31.8,14,1.00379678593078
32,14,1.00364400676087
32.2,14,1.00342544051633
32.4,14,1.00313679623281
32.6,14,1.00277725124734
32.8,14,1.00235565646959
33,14,1.0018825380609
33.2,14,1.00136841157767
33.4,14,1.00082377713142
33.6,14,1.00025911564985
33.8,14,0.99968488623631
34,14,0.999111524624454
34.2,14,0.998549442724036
34.4,14,0.998009029253619
34.6,14,0.997500651455957
34.8,14,0.997034657892146
35,14,0.996621382311324
35.2,14,0.99627114859364
35.4,14,0.995994276765524
35.6,14,0.995801090087856
35.8,14,0.995701923219574
36,14,0.99570713146145
36.2,14,0.995827101087326
36.4,14,0.996072260772957
36.6,14,0.996453094135795
36.8,14,0.996979870258387
37,14,0.997655033942508
37.2,14,0.998472328111393
37.4,14,0.999425080279438
37.6,14,1.00050664826825
37.8,14,1.00171041117027
38,14,1.00302976078313
38.2,14,1.00445809350707
38.4,14,1.00598880269924
38.6,14,1.00761527148048
38.8,14,1.00933086599135
39,14,1.01112892909561
39.2,14,1.01300277453071
39.4,14,1.01494568150579
39.6,14,1.01695088974899
39.8,14,1.01901159500673
40,14,1.02112094499858
