term,term_type,grid_raw,effect,lo,hi,log_effect,log_se,ci_label
temp,SurfaceTerm,-26.6666666666667,1.1721125916678874,0.8651537546268078,1.5879812347795152,0.15880775451660156,0.0,pointwise confidence interval
temp,SurfaceTerm,-26.3666666666667,1.1764853187899147,0.8774245178341303,1.5774778082846586,0.16253145039081573,0.0,pointwise confidence interval
temp,SurfaceTerm,-26.0666666666667,1.1808351900365337,0.8897365792334435,1.5671736765391209,0.1662219762802124,0.0,pointwise confidence interval
temp,SurfaceTerm,-25.7666666666667,1.185149928828701,0.902050091181422,1.5570979566811924,0.1698692888021469,0.0,pointwise confidence interval
temp,SurfaceTerm,-25.4666666666667,1.1894162011960192,0.9143224751923558,1.54727783473762,0.17346259951591492,0.0,pointwise confidence interval
temp,SurfaceTerm,-25.1666666666667,1.1936200846216385,0.9265091877901944,1.537738562323673,0.17699077725410461,0.0,pointwise confidence interval
temp,SurfaceTerm,-24.8666666666667,1.197746442449264,0.9385646384721176,1.5285005226014452,0.18044182658195496,0.0,pointwise confidence interval
temp,SurfaceTerm,-24.5666666666667,1.201779433788607,0.9504429496459389,1.519579694936228,0.18380331993103027,0.0,pointwise confidence interval
temp,SurfaceTerm,-24.2666666666667,1.2057020844524025,0.9620989878441072,1.5109853921688357,0.18706203997135162,0.0,pointwise confidence interval
temp,SurfaceTerm,-23.9666666666667,1.209497420522187,0.9734908134935323,1.5027198921374751,0.190204918384552,0.0,pointwise confidence interval
temp,SurfaceTerm,-23.6666666666667,1.213147041261935,0.9845793692639901,1.4947761345261141,0.19321784377098083,0.0,pointwise confidence interval
temp,SurfaceTerm,-23.3666666666667,1.216632551708392,0.995331641068146,1.4871372563701415,0.1960868388414383,0.0,pointwise confidence interval
temp,SurfaceTerm,-23.0666666666667,1.2199348969591328,1.0057208700915072,1.4797755491374858,0.19879749417304993,0.0,pointwise confidence interval
temp,SurfaceTerm,-22.7666666666667,1.2230355654546048,1.0157289179396876,1.4726527599519263,0.20133593678474426,0.0,pointwise confidence interval
temp,SurfaceTerm,-22.4666666666667,1.2259152557233184,1.0253454303889862,1.465718936929406,0.20368771255016327,0.0,pointwise confidence interval
temp,SurfaceTerm,-22.1666666666667,1.2285557484276102,1.0345698753579615,1.4589147267334552,0.20583929121494293,0.0,pointwise confidence interval
temp,SurfaceTerm,-21.8666666666667,1.2309392369381587,1.0434101788229844,1.4521723439032632,0.2077774852514267,0.0,pointwise confidence interval
temp,SurfaceTerm,-21.5666666666667,1.2330488255540626,1.0518820920171017,1.4454180917603585,0.2094898223876953,0.0,pointwise confidence interval
temp,SurfaceTerm,-21.2666666666667,1.2348686279732075,1.0600069921544613,1.4385759147239925,0.21096459031105042,0.0,pointwise confidence interval
temp,SurfaceTerm,-20.9666666666667,1.2363849706173808,1.0678105680069956,1.4315720797010567,0.21219177544116974,0.0,pointwise confidence interval
temp,SurfaceTerm,-20.6666666666667,1.2375856831618828,1.0753186595777195,1.42433901757897,0.21316245198249817,0.0,pointwise confidence interval
temp,SurfaceTerm,-20.3666666666667,1.2384612984087318,1.0825544500482402,1.41682147035458,0.21386972069740295,0.0,pointwise confidence interval
temp,SurfaceTerm,-20.0666666666667,1.2390048661142006,1.0895335508473567,1.408981905202238,0.21430853009223938,0.0,pointwise confidence interval
temp,SurfaceTerm,-19.7666666666667,1.239212458641151,1.0962599734769465,1.4008059719456134,0.2144760638475418,0.0,pointwise confidence interval
temp,SurfaceTerm,-19.4666666666667,1.2390832239139287,1.102720750368617,1.392308284097952,0.21437177062034607,0.0,pointwise confidence interval
temp,SurfaceTerm,-19.1666666666667,1.2386207741089839,1.1088815307765147,1.383539521106461,0.213998481631279,0.0,pointwise confidence interval
temp,SurfaceTerm,-18.8666666666667,1.2378319749728846,1.1146805376193625,1.3745893523337822,0.2133614420890808,0.0,pointwise confidence interval
temp,SurfaceTerm,-18.5666666666667,1.2367283599774865,1.120024938843988,1.3655919465072308,0.21246947348117828,0.0,pointwise confidence interval
temp,SurfaceTerm,-18.2666666666667,1.235325461492172,1.1247876818551952,1.3567262697026126,0.2113344669342041,0.0,pointwise confidence interval
temp,SurfaceTerm,-17.9666666666667,1.2336434734867237,1.128809826766682,1.3482131211025956,0.20997196435928345,0.0,pointwise confidence interval
temp,SurfaceTerm,-17.6666666666667,1.2317074922155193,1.1319093540051144,1.3403046286451916,0.2084014117717743,0.0,pointwise confidence interval
temp,SurfaceTerm,-17.366666666666703,1.229546459816757,1.1339010213514975,1.3332596658622133,0.20664536952972412,0.0,pointwise confidence interval
temp,SurfaceTerm,-17.0666666666667,1.227194249817333,1.1346310241397093,1.3273087856262333,0.20473046600818634,0.0,pointwise confidence interval
temp,SurfaceTerm,-16.7666666666667,1.224688326552216,1.134017668829868,1.3226085787013295,0.2026863843202591,0.0,pointwise confidence interval
temp,SurfaceTerm,-16.4666666666667,1.2220698582138358,1.132091143981026,1.3192000894053595,0.2005460262298584,0.0,pointwise confidence interval
temp,SurfaceTerm,-16.1666666666667,1.2193828879293294,1.1290110487413691,1.3169885529751668,0.1983449012041092,0.0,pointwise confidence interval
temp,SurfaceTerm,-15.866666666666701,1.2166735607353503,1.125054517978136,1.3157536188137007,0.19612054526805878,0.0,pointwise confidence interval
temp,SurfaceTerm,-15.5666666666667,1.21398785462755,1.1205770263416623,1.3151853701611156,0.19391068816184998,0.0,pointwise confidence interval
temp,SurfaceTerm,-15.2666666666667,1.2113716865003445,1.115966419830973,1.3149332603367656,0.1917533427476883,0.0,pointwise confidence interval
temp,SurfaceTerm,-14.9666666666667,1.2088680078470122,1.1115981327858724,1.314649437862547,0.18968439102172852,0.0,pointwise confidence interval
temp,SurfaceTerm,-14.6666666666667,1.206515318462214,1.1078049076796563,1.3140212717895954,0.18773630261421204,0.0,pointwise confidence interval
temp,SurfaceTerm,-14.366666666666701,1.2043455793598998,1.1048563649829715,1.3127935182290302,0.1859363317489624,0.0,pointwise confidence interval
temp,SurfaceTerm,-14.0666666666667,1.2023829922935236,1.1029480606235493,1.3107823584542957,0.18430541455745697,0.0,pointwise confidence interval
temp,SurfaceTerm,-13.7666666666667,1.2006414775715484,1.102196331407762,1.3078794735453416,0.1828559786081314,0.0,pointwise confidence interval
temp,SurfaceTerm,-13.4666666666667,1.1991251936312581,1.1026376987268571,1.304055930303718,0.18159228563308716,0.0,pointwise confidence interval
temp,SurfaceTerm,-13.1666666666667,1.1978267424507274,1.1042309765128504,1.29935578284642,0.18050886690616608,0.0,pointwise confidence interval
temp,SurfaceTerm,-12.866666666666701,1.1967293528785228,1.1068649988047472,1.2938896302508192,0.1795922964811325,0.0,pointwise confidence interval
temp,SurfaceTerm,-12.5666666666667,1.1958069576994212,1.1103678823389658,1.2878202826527887,0.17882123589515686,0.0,pointwise confidence interval
temp,SurfaceTerm,-12.266666666666701,1.1950264412588472,1.1145196441642862,1.2813486086004573,0.17816831171512604,0.0,pointwise confidence interval
temp,SurfaceTerm,-11.9666666666667,1.1943508637603821,1.1190697269699503,1.2746962511688738,0.1776028275489807,0.0,pointwise confidence interval
temp,SurfaceTerm,-11.6666666666667,1.1937403084484277,1.123751549777286,1.268088061188408,0.17709149420261383,0.0,pointwise confidence interval
temp,SurfaceTerm,-11.366666666666701,1.193155898454661,1.1283035133711476,1.261735854888594,0.1766018122434616,0.0,pointwise confidence interval
temp,SurfaceTerm,-11.0666666666667,1.1925607212390508,1.132485731471603,1.2558225100056075,0.17610286176204681,0.0,pointwise confidence interval
temp,SurfaceTerm,-10.766666666666701,1.1919217217288252,1.1360984353279937,1.2504879388543957,0.1755668967962265,0.0,pointwise confidence interval
temp,SurfaceTerm,-10.4666666666667,1.191210569684123,1.1389985842086419,1.2458159658846808,0.17497007548809052,0.0,pointwise confidence interval
temp,SurfaceTerm,-10.1666666666667,1.1904044054833756,1.1411103101163766,1.241827924987996,0.17429308593273163,0.0,pointwise confidence interval
temp,SurfaceTerm,-9.8666666666667,1.1894847583758061,1.1424273105263079,1.2384805382116852,0.17352023720741272,0.0,pointwise confidence interval
temp,SurfaceTerm,-9.566666666666702,1.1884389645409805,1.1430052639443724,1.2356786245806615,0.17264065146446228,0.0,pointwise confidence interval
temp,SurfaceTerm,-9.266666666666701,1.1872577691845234,1.14294196259934,1.2332918526180159,0.17164625227451324,0.0,pointwise confidence interval
temp,SurfaceTerm,-8.9666666666667,1.185936241062753,1.1423555367064608,1.2311795432103305,0.17053253948688507,0.0,pointwise confidence interval
temp,SurfaceTerm,-8.6666666666667,1.1844716039324297,1.1413635964985405,1.2292077518735343,0.1692967712879181,0.0,pointwise confidence interval
temp,SurfaceTerm,-8.3666666666667,1.1828636867831703,1.1400699469478845,1.2272637352260929,0.16793835163116455,0.0,pointwise confidence interval
temp,SurfaceTerm,-8.066666666666702,1.1811140814500476,1.138558278802602,1.225260488963915,0.1664581298828125,0.0,pointwise confidence interval
temp,SurfaceTerm,-7.766666666666701,1.1792255144237307,1.136891274577289,1.2231361476364089,0.164857879281044,0.0,pointwise confidence interval
temp,SurfaceTerm,-7.4666666666667005,1.1772018885391393,1.1351138362129638,1.220850492848824,0.16314034163951874,0.0,pointwise confidence interval
temp,SurfaceTerm,-7.1666666666667,1.1750472016150486,1.1332547190510878,1.218380918968944,0.16130831837654114,0.0,pointwise confidence interval
temp,SurfaceTerm,-6.866666666666699,1.1727661184183706,1.1313325120902609,1.2157171775863895,0.15936516225337982,0.0,pointwise confidence interval
temp,SurfaceTerm,-6.566666666666702,1.1703640646573292,1.1293573825406296,1.2128596890736196,0.15731486678123474,0.0,pointwise confidence interval
temp,SurfaceTerm,-6.266666666666701,1.167846065804056,1.1273341840526447,1.2098137825565316,0.1551610827445984,0.0,pointwise confidence interval
temp,SurfaceTerm,-5.9666666666667005,1.1652178403637774,1.1252638169237337,1.2065904857883187,0.152908056974411,0.0,pointwise confidence interval
temp,SurfaceTerm,-5.6666666666667,1.1624849557349002,1.12314464474432,1.203203237119657,0.1505599170923233,0.0,pointwise confidence interval
temp,SurfaceTerm,-5.366666666666699,1.1596533088233427,1.1209736029617818,1.199667675591801,0.14812108874320984,0.0,pointwise confidence interval
temp,SurfaceTerm,-5.066666666666702,1.1567290999014554,1.1187462267901418,1.1960015404010138,0.14559628069400787,0.0,pointwise confidence interval
temp,SurfaceTerm,-4.766666666666701,1.1537188753625822,1.116457789824944,1.192223526494994,0.14299052953720093,0.0,pointwise confidence interval
temp,SurfaceTerm,-4.4666666666667005,1.150628300806318,1.1141017369261308,1.1883524122934004,0.14030814170837402,0.0,pointwise confidence interval
temp,SurfaceTerm,-4.1666666666667,1.1474647158431344,1.1116729226913553,1.184408873535662,0.13755491375923157,0.0,pointwise confidence interval
temp,SurfaceTerm,-3.866666666666699,1.1442346341273835,1.1091651630535817,1.180412928163142,0.13473597168922424,0.0,pointwise confidence interval
temp,SurfaceTerm,-3.566666666666702,1.1409447532436878,1.1065730489958754,1.1763840906260423,0.13185665011405945,0.0,pointwise confidence interval
temp,SurfaceTerm,-3.2666666666667012,1.1376022698793484,1.103892376055948,1.1723415728790718,0.12892277538776398,0.0,pointwise confidence interval
temp,SurfaceTerm,-2.9666666666667005,1.1342136852531208,1.1011199203466453,1.1683020714133288,0.12593962252140045,0.0,pointwise confidence interval
temp,SurfaceTerm,-2.6666666666667,1.1307861427387156,1.0982551095458417,1.164280766368272,0.12291309237480164,0.0,pointwise confidence interval
temp,SurfaceTerm,-2.366666666666699,1.127326641947683,1.0952998312008833,1.1602899237660493,0.11984902620315552,0.0,pointwise confidence interval
temp,SurfaceTerm,-2.066666666666702,1.1238411835314508,1.0922581799069233,1.156337420067662,0.11675244569778442,0.0,pointwise confidence interval
temp,SurfaceTerm,-1.7666666666667012,1.1203368853082913,1.0891384707664586,1.1524289796677498,0.11362943053245544,0.0,pointwise confidence interval
temp,SurfaceTerm,-1.4666666666667005,1.1168198322979561,1.0859514928188345,1.1485656091106045,0.11048521101474762,0.0,pointwise confidence interval
temp,SurfaceTerm,-1.1666666666666998,1.113296036324749,1.0827107200800554,1.1447453521146944,0.10732501745223999,0.0,pointwise confidence interval
temp,SurfaceTerm,-0.8666666666666991,1.1097710220729222,1.0794318621020325,1.140962912688567,0.10415370762348175,0.0,pointwise confidence interval
temp,SurfaceTerm,-0.566666666666702,1.106250393910772,1.0761325383968743,1.1372111616017397,0.10097627341747284,0.0,pointwise confidence interval
temp,SurfaceTerm,-0.26666666666670125,1.1027389627068056,1.072830854114966,1.1334808420241145,0.09779705107212067,0.0,pointwise confidence interval
temp,SurfaceTerm,0.033333333333299464,1.099241330948666,1.0695449127960168,1.1297622841353716,0.0946202427148819,0.0,pointwise confidence interval
temp,SurfaceTerm,0.3333333333333002,1.0957616833113533,1.066292473241758,1.1260453362884237,0.09144972264766693,0.0,pointwise confidence interval
temp,SurfaceTerm,0.6333333333333009,1.092304281293877,1.063089975151872,1.122321412881806,0.08828948438167572,0.0,pointwise confidence interval
temp,SurfaceTerm,0.933333333333298,1.0888721152299703,1.0599518283200455,1.118581478560734,0.08514240384101868,0.0,pointwise confidence interval
temp,SurfaceTerm,1.2333333333332988,1.0854682829393305,1.056890589860336,1.1148186998457035,0.08201149106025696,0.0,pointwise confidence interval
temp,SurfaceTerm,1.5333333333332995,1.0820954238610359,1.05391629827321,1.111027989850339,0.07889936864376068,0.0,pointwise confidence interval
temp,SurfaceTerm,1.8333333333333002,1.0787559675187075,1.0510367361035924,1.1072062445422692,0.07580849528312683,0.0,pointwise confidence interval
temp,SurfaceTerm,2.1333333333332973,1.0754518165373006,1.048257692914414,1.103351415888737,0.07274086773395538,0.0,pointwise confidence interval
temp,SurfaceTerm,2.433333333333298,1.0721842591447532,1.0455817031415755,1.0994636594191878,0.06969793140888214,0.0,pointwise confidence interval
temp,SurfaceTerm,2.7333333333332988,1.0689551096955574,1.0430102513385866,1.0955453458657374,0.0666816383600235,0.0,pointwise confidence interval
temp,SurfaceTerm,3.0333333333332995,1.0657649065199117,1.0405419642998701,1.091599257828739,0.06369276344776154,0.0,pointwise confidence interval
temp,SurfaceTerm,3.3333333333333,1.0626149262901392,1.0381743800067977,1.0876308482657842,0.06073278188705444,0.0,pointwise confidence interval
temp,SurfaceTerm,3.6333333333332973,1.0595047578475316,1.0359027060241845,1.0836445598350906,0.057801589369773865,0.0,pointwise confidence interval
temp,SurfaceTerm,3.933333333333298,1.0564354596699166,1.033722318645031,1.0796476580972705,0.05490046739578247,0.0,pointwise confidence interval
temp,SurfaceTerm,4.233333333333299,1.053406540669385,1.031625980219523,1.0756469507378166,0.052029237151145935,0.0,pointwise confidence interval
temp,SurfaceTerm,4.5333333333332995,1.0504177981666016,1.0296068670897094,1.071649370233886,0.04918798804283142,0.0,pointwise confidence interval
temp,SurfaceTerm,4.8333333333333,1.0474689860374082,1.0276578777005216,1.0676620113741568,0.04637676477432251,0.0,pointwise confidence interval
temp,SurfaceTerm,5.133333333333297,1.044559753090413,1.025771772542968,1.0636918532778206,0.043595507740974426,0.0,pointwise confidence interval
temp,SurfaceTerm,5.433333333333302,1.0416888684154504,1.0239409633329535,1.0597443968337616,0.040843307971954346,0.0,pointwise confidence interval
temp,SurfaceTerm,5.733333333333299,1.0388561838435613,1.0221593740166888,1.0558257333874306,0.03812028467655182,0.0,pointwise confidence interval
temp,SurfaceTerm,6.033333333333296,1.036060504112626,1.0204213237650208,1.0519393736515965,0.035425543785095215,0.0,pointwise confidence interval
temp,SurfaceTerm,6.3333333333333,1.0333005400870512,1.0187216090772304,1.0480881102653115,0.032758086919784546,0.0,pointwise confidence interval
temp,SurfaceTerm,6.633333333333297,1.0305753244479738,1.0170569765781716,1.04427335323373,0.0301172137260437,0.0,pointwise confidence interval
temp,SurfaceTerm,6.933333333333302,1.027883150447354,1.0154244373826127,1.0404947252372172,0.02750149369239807,0.0,pointwise confidence interval
temp,SurfaceTerm,7.233333333333299,1.0252230479383264,1.0138233284212272,1.0367509491626574,0.024910196661949158,0.0,pointwise confidence interval
temp,SurfaceTerm,7.533333333333296,1.0225932651311853,1.012253321589727,1.0330388289063936,0.022341817617416382,0.0,pointwise confidence interval
temp,SurfaceTerm,7.8333333333333,1.0199923575433814,1.01071561314889,1.0293542475371305,0.019795134663581848,0.0,pointwise confidence interval
temp,SurfaceTerm,8.133333333333297,1.0174185471390798,1.009211996140961,1.0256918308747627,0.017268583178520203,0.0,pointwise confidence interval
temp,SurfaceTerm,8.433333333333302,1.0148699682943993,1.0077445317150802,1.0220457865377695,0.014760494232177734,0.0,pointwise confidence interval
temp,SurfaceTerm,8.733333333333299,1.0123449854737354,1.0063160919307146,1.0184099984405086,0.012269407510757446,0.0,pointwise confidence interval
temp,SurfaceTerm,9.033333333333296,1.0098412271380497,1.0049285970156336,1.0147778728321106,0.009793117642402649,0.0,pointwise confidence interval
temp,SurfaceTerm,9.3333333333333,1.007357050699067,1.0035842910693162,1.0111439932084727,0.007330119609832764,0.0,pointwise confidence interval
temp,SurfaceTerm,9.633333333333297,1.0048903055577452,1.0022844056852336,1.007502980667013,0.004878386855125427,0.0,pointwise confidence interval
temp,SurfaceTerm,9.933333333333302,1.002438578205149,1.0010283797990436,1.0038507632278026,0.0024356096982955933,0.0,pointwise confidence interval
temp,SurfaceTerm,10.233333333333299,1.0,0.999815762232547,1.0001842717172629,0.0,0.0,pointwise confidence interval
temp,SurfaceTerm,10.533333333333296,0.9975724080752498,0.9965018965396467,0.9986440696286822,-0.002430543303489685,0.0,pointwise confidence interval
temp,SurfaceTerm,10.8333333333333,0.9951533711443659,0.9928032225500171,0.9975090829745,-0.0048584118485450745,0.0,pointwise confidence interval
temp,SurfaceTerm,11.133333333333297,0.9927410729796671,0.9890894323185045,0.9964061952119418,-0.007285401225090027,0.0,pointwise confidence interval
temp,SurfaceTerm,11.433333333333302,0.9903330802186834,0.985362577690371,0.9953286556449757,-0.009713947772979736,0.0,pointwise confidence interval
temp,SurfaceTerm,11.733333333333299,0.9879271890772771,0.9816264120606787,0.9942684089655475,-0.012146279215812683,0.0,pointwise confidence interval
temp,SurfaceTerm,12.033333333333296,0.985521709129816,0.9778857875507264,0.9932172565865942,-0.014584124088287354,0.0,pointwise confidence interval
temp,SurfaceTerm,12.3333333333333,0.9831147394497466,0.9741463402215376,0.9921657055176546,-0.01702944189310074,0.0,pointwise confidence interval
temp,SurfaceTerm,12.633333333333297,0.9807036672294275,0.9704136621800042,0.9911027847203215,-0.01948493719100952,0.0,pointwise confidence interval
temp,SurfaceTerm,12.933333333333302,0.9782879174202462,0.966695867555826,0.9900189723477572,-0.021951258182525635,0.0,pointwise confidence interval
temp,SurfaceTerm,13.233333333333299,0.9758647254547881,0.9629986421795168,0.9889027052329158,-0.024431303143501282,0.0,pointwise confidence interval
temp,SurfaceTerm,13.533333333333296,0.9734332986256341,0.9593301757687879,0.987743751637769,-0.02692597359418869,0.0,pointwise confidence interval
temp,SurfaceTerm,13.8333333333333,0.9709923177629005,0.9556973883567279,0.9865320263935324,-0.02943672239780426,0.0,pointwise confidence interval
temp,SurfaceTerm,14.133333333333297,0.9685406945469696,0.9521072741363887,0.9852577566371457,-0.031964778900146484,0.0,pointwise confidence interval
temp,SurfaceTerm,14.433333333333302,0.9660779143919742,0.948566716027268,0.9839123816032326,-0.034510791301727295,0.0,pointwise confidence interval
temp,SurfaceTerm,14.733333333333299,0.9636033688769823,0.9450815976952236,0.9824881309460315,-0.03707551211118698,0.0,pointwise confidence interval
temp,SurfaceTerm,15.033333333333296,0.9611176031004359,0.9416581509390007,0.9809791866277447,-0.039658501744270325,0.0,pointwise confidence interval
temp,SurfaceTerm,15.3333333333333,0.9586201653304993,0.9383002408235497,0.9793801401688925,-0.04226035624742508,0.0,pointwise confidence interval
temp,SurfaceTerm,15.633333333333297,0.9561112298659791,0.9350116530796274,0.9776869420449719,-0.04488102346658707,0.0,pointwise confidence interval
temp,SurfaceTerm,15.933333333333302,0.9535926830679385,0.9317963169060755,0.975898904837988,-0.04751865565776825,0.0,pointwise confidence interval
temp,SurfaceTerm,16.2333333333333,0.9510658402130099,0.9286565962325334,0.9740158375977196,-0.05017198622226715,0.0,pointwise confidence interval
temp,SurfaceTerm,16.533333333333296,0.9485324350158136,0.925593544570082,0.9720398176447159,-0.05283929407596588,0.0,pointwise confidence interval
temp,SurfaceTerm,16.8333333333333,0.9459948040587576,0.922607873689629,0.9699745632207981,-0.05551820248365402,0.0,pointwise confidence interval
temp,SurfaceTerm,17.133333333333297,0.9434558080692758,0.9196996261322639,0.9678256209833903,-0.058205753564834595,0.0,pointwise confidence interval
temp,SurfaceTerm,17.4333333333333,0.9409194273633318,0.91686836564956,0.9656013905142471,-0.060897767543792725,0.0,pointwise confidence interval
temp,SurfaceTerm,17.7333333333333,0.9383892501913084,0.9141121459460566,0.9633111087953645,-0.06359043717384338,0.0,pointwise confidence interval
temp,SurfaceTerm,18.033333333333296,0.935870464863148,0.9114301465321589,0.9609661588829846,-0.06627820432186127,0.0,pointwise confidence interval
temp,SurfaceTerm,18.3333333333333,0.9333679535593101,0.9088197434386143,0.9585792375452917,-0.06895577907562256,0.0,pointwise confidence interval
temp,SurfaceTerm,18.633333333333297,0.9308875032325746,0.9062789413531408,0.9561642714336404,-0.07161684334278107,0.0,pointwise confidence interval
temp,SurfaceTerm,18.9333333333333,0.9284364165387622,0.9038062670714894,0.9537377765130676,-0.0742533802986145,0.0,pointwise confidence interval
temp,SurfaceTerm,19.2333333333333,0.9260217680200827,0.9014003585019975,0.9513157020173735,-0.0768575370311737,0.0,pointwise confidence interval
temp,SurfaceTerm,19.533333333333296,0.9236516748958155,0.8990606242929433,0.9489153383942069,-0.07942025363445282,0.0,pointwise confidence interval
temp,SurfaceTerm,19.8333333333333,0.9213354920859357,0.8967878403196317,0.9465550833903862,-0.08193103969097137,0.0,pointwise confidence interval
temp,SurfaceTerm,20.133333333333297,0.9190830882430991,0.8945842719409215,0.944252821773573,-0.08437874913215637,0.0,pointwise confidence interval
temp,SurfaceTerm,20.4333333333333,0.9169052135259108,0.8924536094506105,0.9420267470356648,-0.08675117790699005,0.0,pointwise confidence interval
temp,SurfaceTerm,20.7333333333333,0.9148128144191908,0.8904009686288659,0.9398939521755929,-0.08903580904006958,0.0,pointwise confidence interval
temp,SurfaceTerm,21.033333333333296,0.9128197197339247,0.888435759691526,0.9378729206312343,-0.09121687710285187,0.0,pointwise confidence interval
temp,SurfaceTerm,21.3333333333333,0.9109381688184832,0.8865667810460981,0.9359795168856259,-0.09328025579452515,0.0,pointwise confidence interval
temp,SurfaceTerm,21.633333333333297,0.9091840582349624,0.8848078785663009,0.9342317940116025,-0.09520772099494934,0.0,pointwise confidence interval
temp,SurfaceTerm,21.9333333333333,0.9075731787198917,0.8831738243138633,0.932646611635769,-0.09698107838630676,0.0,pointwise confidence interval
temp,SurfaceTerm,22.2333333333333,0.9061223061847448,0.8816808944380534,0.9312412676117567,-0.0985809862613678,0.0,pointwise confidence interval
temp,SurfaceTerm,22.533333333333296,0.9048512437412625,0.8803487004285594,0.9300357607179224,-0.09998472034931183,0.0,pointwise confidence interval
temp,SurfaceTerm,22.8333333333333,0.9037802900268131,0.8791969786939029,0.9290509776937373,-0.10116899013519287,0.0,pointwise confidence interval
temp,SurfaceTerm,23.133333333333297,0.9029316783774182,0.8782458311968676,0.9283113985367805,-0.10210838913917542,0.0,pointwise confidence interval
temp,SurfaceTerm,23.4333333333333,0.9023299950237286,0.8775162391728702,0.9278454159286791,-0.102774977684021,0.0,pointwise confidence interval
temp,SurfaceTerm,23.7333333333333,0.9020026769259679,0.8770285434995395,0.9276879700347394,-0.1031377911567688,0.0,pointwise confidence interval
temp,SurfaceTerm,24.033333333333296,0.9019798680286318,0.8768027479565246,0.927879941326653,-0.10316307842731476,0.0,pointwise confidence interval
temp,SurfaceTerm,24.3333333333333,0.9022940417652012,0.8768563169950536,0.9284697184995878,-0.10281482338905334,0.0,pointwise confidence interval
temp,SurfaceTerm,24.633333333333297,0.9029814218861891,0.8772060238972884,0.929514191716353,-0.10205329954624176,0.0,pointwise confidence interval
temp,SurfaceTerm,24.9333333333333,0.9040842998175926,0.8778698566528546,0.9310815435594657,-0.10083267092704773,0.0,pointwise confidence interval
temp,SurfaceTerm,25.2333333333333,0.9056441953033967,0.8788615493088887,0.9332430223300949,-0.09910877048969269,0.0,pointwise confidence interval
temp,SurfaceTerm,25.533333333333296,0.9077130130337271,0.880202048643471,0.936083840409815,-0.09682701528072357,0.0,pointwise confidence interval
temp,SurfaceTerm,25.8333333333333,0.9103421107872693,0.881912314370642,0.9396883853062209,-0.0939348042011261,0.0,pointwise confidence interval
temp,SurfaceTerm,26.133333333333297,0.91359050724379,0.8840235758753229,0.9441463301468319,-0.09037283062934875,0.0,pointwise confidence interval
temp,SurfaceTerm,26.4333333333333,0.9175201431912227,0.8865752027701898,0.9495451830044663,-0.08608074486255646,0.0,pointwise confidence interval
temp,SurfaceTerm,26.7333333333333,0.9221965769981926,0.8896169641184657,0.955969322673498,-0.08099687099456787,0.0,pointwise confidence interval
temp,SurfaceTerm,27.033333333333296,0.9276895559313522,0.8932083224948447,0.9635018959298561,-0.07505813241004944,0.0,pointwise confidence interval
temp,SurfaceTerm,27.3333333333333,0.9340689707719985,0.8974103540665448,0.97222506761312,-0.06820499897003174,0.0,pointwise confidence interval
temp,SurfaceTerm,27.633333333333297,0.9414070566158838,0.9022795155979301,0.9822313716818409,-0.06037965416908264,0.0,pointwise confidence interval
temp,SurfaceTerm,27.9333333333333,0.9497755491877776,0.9078537607341397,0.9936331520017927,-0.05152958631515503,0.0,pointwise confidence interval
temp,SurfaceTerm,28.2333333333333,0.9592412731489236,0.9141347484145722,1.0065735075799462,-0.0416126474738121,0.0,pointwise confidence interval
temp,SurfaceTerm,28.533333333333296,0.9698741750563393,0.9210829561533246,1.0212499418832282,-0.03058893233537674,0.0,pointwise confidence interval
temp,SurfaceTerm,28.8333333333333,0.9817375118647237,0.9285996962840781,1.0379160644346037,-0.01843130588531494,0.0,pointwise confidence interval
temp,SurfaceTerm,29.133333333333297,0.9948910743406308,0.9365303851488666,1.0568885596224613,-0.005122020840644836,0.0,pointwise confidence interval
temp,SurfaceTerm,29.4333333333333,1.0093942407011682,0.9446783080004784,1.0785435894227944,0.009350389242172241,0.0,pointwise confidence interval
temp,SurfaceTerm,29.7333333333333,1.0253035304064038,0.9528236622100996,1.1032968335667057,0.024988695979118347,0.0,pointwise confidence interval
temp,SurfaceTerm,30.033333333333296,1.0426762330568353,0.9607511132343821,1.131587267509487,0.041790708899497986,0.0,pointwise confidence interval
temp,SurfaceTerm,30.3333333333333,1.0615705096092827,0.9682723138791871,1.1638584835264856,0.05974942445755005,0.0,pointwise confidence interval
temp,SurfaceTerm,30.633333333333297,1.0820457938548793,0.975239146534351,1.2005497360926496,0.07885350286960602,0.0,pointwise confidence interval
temp,SurfaceTerm,30.933333333333294,1.104169350062649,0.9815529309666441,1.2421031155366233,0.09909333288669586,0.0,pointwise confidence interval
temp,SurfaceTerm,31.2333333333333,1.128011219633717,0.9871565944653349,1.288963998978004,0.12045609951019287,0.0,pointwise confidence interval
temp,SurfaceTerm,31.533333333333296,1.1536513653319205,0.9920314547189774,1.3416020897333591,0.1429320126771927,0.0,pointwise confidence interval
temp,SurfaceTerm,31.8333333333333,1.1811754013418296,0.9961847399810267,1.400518671628723,0.16651004552841187,0.0,pointwise confidence interval
temp,SurfaceTerm,32.1333333333333,1.2106833326770772,0.9996488704373587,1.466268982408582,0.19118493795394897,0.0,pointwise confidence interval
temp,SurfaceTerm,32.433333333333294,1.242280023444722,1.0024631705925353,1.539467685119674,0.21694841980934143,0.0,pointwise confidence interval
temp,SurfaceTerm,32.7333333333333,1.2760847318516135,1.0046790365912255,1.6208084209557858,0.24379658699035645,0.0,pointwise confidence interval
temp,SurfaceTerm,33.033333333333296,1.312230781031397,1.0063523180746894,1.7110802963922527,0.2717285752296448,0.0,pointwise confidence interval
temp,SurfaceTerm,33.3333333333333,1.350859285381839,1.0075368367544326,1.8111703139119044,0.30074089765548706,0.0,pointwise confidence interval
