ensemble_member,epoch,objective
0,0,-409.45526123046875
0,1,-344.26068115234375
0,2,-409.9991455078125
0,3,-395.3616027832031
0,4,-421.8399658203125
0,5,-403.8692626953125
0,6,-413.29107666015625
0,7,-428.6104736328125
0,8,-414.7563171386719
0,9,-416.9568176269531
0,10,-428.1190490722656
0,11,-421.8768310546875
0,12,-417.8724670410156
0,13,-423.78594970703125
0,14,-428.9716796875
0,15,-424.0246887207031
0,16,-423.4019775390625
0,17,-429.5403747558594
0,18,-428.80499267578125
0,19,-425.837890625
0,20,-427.4405517578125
0,21,-430.6393127441406
0,22,-429.3180236816406
0,23,-427.2977600097656
0,24,-429.7556457519531
0,25,-430.48291015625
0,26,-428.6881408691406
0,27,-428.7449951171875
0,28,-430.51800537109375
0,29,-430.483154296875
0,30,-429.3611145019531
0,31,-430.3911437988281
0,32,-431.2018127441406
0,33,-430.3997497558594
0,34,-430.2976989746094
0,35,-431.16400146484375
0,36,-431.0611877441406
0,37,-430.4383544921875
0,38,-430.9435119628906
0,39,-431.2390441894531
0,40,-430.7857360839844
0,41,-430.87115478515625
0,42,-431.34375
0,43,-431.189208984375
0,44,-431.0296936035156
0,45,-431.39385986328125
0,46,-431.3951416015625
0,47,-431.1766662597656
0,48,-431.34527587890625
0,49,-431.4603576660156
0,50,-431.2694091796875
0,51,-431.3331298828125
0,52,-431.4776306152344
0,53,-431.3677062988281
0,54,-431.3772888183594
0,55,-431.5154113769531
0,56,-431.4610900878906
0,57,-431.43426513671875
0,58,-431.537353515625
0,59,-431.50323486328125
0,60,-431.4654235839844
0,61,-431.5368957519531
0,62,-431.5232849121094
0,63,-431.4898681640625
0,64,-431.5469970703125
0,65,-431.5424499511719
0,66,-431.5198669433594
0,67,-431.5628967285156
0,68,-431.5611877441406
0,69,-431.54339599609375
0,70,-431.5752868652344
0,71,-431.5705871582031
0,72,-431.558837890625
0,73,-431.5826110839844
0,74,-431.57720947265625
0,75,-431.5712585449219
0,76,-431.5899353027344
0,77,-431.583740234375
0,78,-431.583251953125
0,79,-431.5971374511719
0,80,-431.5910949707031
0,81,-431.5940856933594
0,82,-431.60308837890625
0,83,-431.5973205566406
0,84,-431.6021728515625
0,85,-431.6067199707031
0,86,-431.6025085449219
0,87,-431.60833740234375
0,88,-431.6099548339844
0,89,-431.60845947265625
0,90,-431.6141662597656
0,91,-431.614013671875
0,92,-431.6147766113281
0,93,-431.6188659667969
0,94,-431.6177673339844
0,95,-431.6198425292969
0,96,-431.62200927734375
0,97,-431.621337890625
0,98,-431.6242370605469
0,99,-431.62506103515625
0,100,-431.6257019042969
0,101,-431.62823486328125
0,102,-431.6284484863281
0,103,-431.6299133300781
0,104,-431.6314697265625
0,105,-431.6316833496094
0,106,-431.6335144042969
0,107,-431.63427734375
0,108,-431.6351623535156
0,109,-431.6367492675781
0,110,-431.6372985839844
0,111,-431.6386413574219
0,112,-431.63970947265625
0,113,-431.64044189453125
0,114,-431.6418151855469
0,115,-431.64251708984375
0,116,-431.6435241699219
0,117,-431.64459228515625
0,118,-431.6452941894531
0,119,-431.6464538574219
0,120,-431.6473083496094
0,121,-431.6482849121094
0,122,-431.64923095703125
0,123,-431.6500549316406
0,124,-431.65106201171875
0,125,-431.6518249511719
0,126,-431.6527099609375
0,127,-431.65362548828125
0,128,-431.6544494628906
0,129,-431.6553955078125
0,130,-431.6561279296875
0,131,-431.65704345703125
0,132,-431.6578369140625
0,133,-431.6586608886719
0,134,-431.6595458984375
0,135,-431.6602783203125
0,136,-431.6611633300781
0,137,-431.66192626953125
0,138,-431.6626892089844
0,139,-431.66351318359375
0,140,-431.66424560546875
0,141,-431.66510009765625
0,142,-431.66583251953125
0,143,-431.66656494140625
0,144,-431.6673889160156
0,145,-431.6680908203125
0,146,-431.6688232421875
0,147,-431.6695251464844
0,148,-431.6702880859375
0,149,-431.6710510253906
0,150,-431.6717529296875
0,151,-431.6724853515625
0,152,-431.6731872558594
0,153,-431.67388916015625
0,154,-431.6745910644531
0,155,-431.6752624511719
0,156,-431.67596435546875
0,157,-431.6766357421875
0,158,-431.6773376464844
0,159,-431.677978515625
0,160,-431.6785888671875
0,161,-431.6792297363281
0,162,-431.679931640625
0,163,-431.6805725097656
0,164,-431.6812438964844
0,165,-431.681884765625
0,166,-431.6824645996094
0,167,-431.68310546875
0,168,-431.6837463378906
0,169,-431.6843566894531
0,170,-431.6849670410156
0,171,-431.68560791015625
0,172,-431.6861877441406
0,173,-431.6867980957031
0,174,-431.6873474121094
0,175,-431.6879577636719
0,176,-431.6885070800781
0,177,-431.6891174316406
0,178,-431.6897277832031
0,179,-431.6902770996094
0,180,-431.6908264160156
0,181,-431.69140625
0,182,-431.6919250488281
0,183,-431.6925354003906
0,184,-431.6930236816406
0,185,-431.69354248046875
0,186,-431.6941223144531
0,187,-431.69464111328125
0,188,-431.6951599121094
0,189,-431.6956787109375
0,190,-431.6962585449219
0,191,-431.69671630859375
0,192,-431.6972351074219
0,193,-431.6977233886719
0,194,-431.6982116699219
0,195,-431.69879150390625
0,196,-431.6992492675781
0,197,-431.6997375488281
0,198,-431.7001953125
0,199,-431.70068359375
0,200,-431.70111083984375
0,201,-431.7016296386719
0,202,-431.70208740234375
0,203,-431.70257568359375
0,204,-431.7030029296875
0,205,-431.7034912109375
0,206,-431.70391845703125
0,207,-431.70440673828125
0,208,-431.704833984375
0,209,-431.70526123046875
0,210,-431.7057189941406
0,211,-431.7061767578125
0,212,-431.7066345214844
0,213,-431.7070617675781
0,214,-431.70751953125
0,215,-431.7078857421875
0,216,-431.70831298828125
0,217,-431.7087097167969
0,218,-431.70916748046875
0,219,-431.7095642089844
0,220,-431.7099609375
0,221,-431.7103271484375
0,222,-431.7107849121094
0,223,-431.711181640625
0,224,-431.7115173339844
0,225,-431.7119445800781
0,226,-431.7123718261719
0,227,-431.71270751953125
0,228,-431.7131042480469
0,229,-431.7135009765625
0,230,-431.7138366699219
0,231,-431.7142639160156
0,232,-431.7146301269531
0,233,-431.7149353027344
0,234,-431.71533203125
0,235,-431.71563720703125
0,236,-431.7160949707031
0,237,-431.71636962890625
0,238,-431.7167663574219
0,239,-431.7170715332031
0,240,-431.7174377441406
0,241,-431.7178039550781
0,242,-431.7181701660156
0,243,-431.7184753417969
0,244,-431.7188415527344
0,245,-431.7191162109375
0,246,-431.719482421875
0,247,-431.71978759765625
0,248,-431.7201232910156
0,249,-431.720458984375
0,250,-431.72076416015625
0,251,-431.7210998535156
0,252,-431.7214050292969
0,253,-431.7217102050781
0,254,-431.7220764160156
0,255,-431.72235107421875
0,256,-431.72271728515625
0,257,-431.7230224609375
0,258,-431.72332763671875
0,259,-431.7236633300781
0,260,-431.72393798828125
0,261,-431.72418212890625
0,262,-431.7245788574219
0,263,-431.724853515625
0,264,-431.72509765625
0,265,-431.7253723144531
0,266,-431.72564697265625
0,267,-431.72601318359375
0,268,-431.72625732421875
0,269,-431.72650146484375
0,270,-431.7267761230469
0,271,-431.72705078125
0,272,-431.72735595703125
0,273,-431.7276306152344
0,274,-431.7278747558594
0,275,-431.7281188964844
0,276,-431.7283935546875
0,277,-431.72869873046875
0,278,-431.7289733886719
0,279,-431.729248046875
0,280,-431.7294616699219
0,281,-431.7297058105469
0,282,-431.7299499511719
0,283,-431.73016357421875
0,284,-431.73040771484375
0,285,-431.73065185546875
0,286,-431.7309265136719
0,287,-431.7311706542969
0,288,-431.7314147949219
0,289,-431.7316589355469
0,290,-431.73187255859375
0,291,-431.73211669921875
0,292,-431.7323913574219
0,293,-431.7326354980469
0,294,-431.73284912109375
0,295,-431.73309326171875
0,296,-431.73333740234375
0,297,-431.7335510253906
0,298,-431.7337341308594
0,299,-431.73394775390625
0,300,-431.73419189453125
0,301,-431.7344055175781
0,302,-431.734619140625
0,303,-431.7348327636719
0,304,-431.7350158691406
0,305,-431.7352294921875
0,306,-431.7354736328125
0,307,-431.7357177734375
0,308,-431.7359313964844
0,309,-431.7361145019531
0,310,-431.736328125
0,311,-431.736572265625
0,312,-431.7367858886719
0,313,-431.7369079589844
0,314,-431.73712158203125
0,315,-431.7373352050781
0,316,-431.737548828125
0,317,-431.7377624511719
0,318,-431.73797607421875
0,319,-431.7381896972656
0,320,-431.73834228515625
0,321,-431.738525390625
0,322,-431.73870849609375
0,323,-431.7389221191406
0,324,-431.7391662597656
0,325,-431.73931884765625
0,326,-431.739501953125
0,327,-431.7396545410156
0,328,-431.7398681640625
0,329,-431.74005126953125
0,330,-431.7401428222656
0,331,-431.7403564453125
0,332,-431.74053955078125
0,333,-431.74078369140625
0,334,-431.7409973144531
0,335,-431.7410888671875
0,336,-431.7412414550781
0,337,-431.7414245605469
0,338,-431.74163818359375
0,339,-431.7418518066406
0,340,-431.7419738769531
0,341,-431.7421569824219
0,342,-431.74224853515625
0,343,-431.7424011230469
0,344,-431.74261474609375
0,345,-431.74285888671875
0,346,-431.7430419921875
0,347,-431.74310302734375
0,348,-431.7432556152344
0,349,-431.74334716796875
0,350,-431.74359130859375
0,351,-431.7438049316406
0,352,-431.7439270019531
0,353,-431.7440185546875
0,354,-431.74420166015625
0,355,-431.7444152832031
0,356,-431.74462890625
0,357,-431.7447204589844
0,358,-431.744873046875
0,359,-431.74493408203125
0,360,-431.7451477050781
0,361,-431.7453918457031
0,362,-431.7454833984375
0,363,-431.74560546875
0,364,-431.74578857421875
0,365,-431.74591064453125
0,366,-431.74609375
0,367,-431.74627685546875
0,368,-431.74639892578125
0,369,-431.7465515136719
0,370,-431.7467041015625
0,371,-431.74676513671875
0,372,-431.74700927734375
0,373,-431.7471008300781
0,374,-431.74725341796875
0,375,-431.7474060058594
0,376,-431.7475280761719
0,377,-431.7477111816406
0,378,-431.747802734375
0,379,-431.7479248046875
0,380,-431.74810791015625
0,381,-431.7481994628906
0,382,-431.7483825683594
0,383,-431.74847412109375
0,384,-431.7486267089844
0,385,-431.7488098144531
0,386,-431.7488708496094
0,387,-431.7490539550781
0,388,-431.7491149902344
0,389,-431.7492980957031
0,390,-431.7493591308594
0,391,-431.74951171875
0,392,-431.74957275390625
0,393,-431.7497863769531
0,394,-431.7498474121094
0,395,-431.75
0,396,-431.750244140625
0,397,-431.7503967285156
0,398,-431.75048828125
0,399,-431.75067138671875
0,400,-431.750732421875
0,401,-431.7508850097656
0,402,-431.7509460449219
0,403,-431.7510986328125
0,404,-431.75115966796875
0,405,-431.7513427734375
0,406,-431.75146484375
0,407,-431.7516174316406
0,408,-431.75177001953125
0,409,-431.7518615722656
0,410,-431.7520751953125
0,411,-431.7521667480469
0,412,-431.7523193359375
0,413,-431.75238037109375
0,414,-431.7525329589844
0,415,-431.7525939941406
0,416,-431.7527770996094
0,417,-431.7528381347656
0,418,-431.7529602050781
0,419,-431.7530212402344
0,420,-431.75311279296875
0,421,-431.75323486328125
0,422,-431.75341796875
0,423,-431.7535095214844
0,424,-431.7536926269531
0,425,-431.75390625
0,426,-431.7539978027344
0,427,-431.754150390625
0,428,-431.75421142578125
0,429,-431.7543640136719
0,430,-431.7544250488281
0,431,-431.75457763671875
0,432,-431.754638671875
0,433,-431.7547912597656
0,434,-431.7548522949219
0,435,-431.7550354003906
0,436,-431.755126953125
0,437,-431.75531005859375
0,438,-431.7554016113281
0,439,-431.75555419921875
0,440,-431.7557067871094
0,441,-431.7558288574219
0,442,-431.7559814453125
0,443,-431.75604248046875
0,444,-431.7562255859375
0,445,-431.75628662109375
0,446,-431.7564392089844
0,447,-431.7564697265625
0,448,-431.7566223144531
0,449,-431.7566833496094
0,450,-431.7567443847656
0,451,-431.7568359375
0,452,-431.75677490234375
0,453,-431.7568359375
0,454,-431.75689697265625
0,455,-431.7571105957031
0,456,-431.75738525390625
0,457,-431.7575988769531
0,458,-431.7578430175781
0,459,-431.75787353515625
0,460,-431.7579040527344
0,461,-431.7579345703125
0,462,-431.7580871582031
0,463,-431.75823974609375
0,464,-431.7584533691406
0,465,-431.7586364746094
0,466,-431.7587585449219
0,467,-431.7587890625
0,468,-431.75885009765625
0,469,-431.75897216796875
0,470,-431.7590026855469
0,471,-431.75921630859375
0,472,-431.75933837890625
0,473,-431.7594909667969
0,474,-431.7596740722656
0,475,-431.759765625
0,476,-431.7599182128906
0,477,-431.7599792480469
0,478,-431.7601013183594
0,479,-431.7601623535156
0,480,-431.76019287109375
0,481,-431.76031494140625
0,482,-431.7603759765625
0,483,-431.7604064941406
0,484,-431.7604675292969
0,485,-431.7606201171875
0,486,-431.76068115234375
0,487,-431.7608337402344
0,488,-431.760986328125
0,489,-431.7611389160156
0,490,-431.76129150390625
0,491,-431.76153564453125
0,492,-431.7615966796875
0,493,-431.7617492675781
0,494,-431.7618713378906
0,495,-431.7619934082031
0,496,-431.7620544433594
0,497,-431.7621765136719
0,498,-431.7622375488281
0,499,-431.76226806640625
0,500,-431.76226806640625
0,501,-431.7622375488281
0,502,-431.76202392578125
0,503,-431.7617492675781
0,504,-431.7613525390625
0,505,-431.76141357421875
0,506,-431.7618103027344
0,507,-431.7624816894531
0,508,-431.7631530761719
0,509,-431.763427734375
0,510,-431.76336669921875
0,511,-431.7631530761719
0,512,-431.7629089355469
0,513,-431.76300048828125
0,514,-431.76336669921875
0,515,-431.7637023925781
0,516,-431.7640686035156
0,517,-431.76422119140625
0,518,-431.76422119140625
0,519,-431.7640686035156
0,520,-431.7640686035156
0,521,-431.7640686035156
0,522,-431.7641296386719
0,523,-431.76434326171875
0,524,-431.7646179199219
0,525,-431.7649230957031
0,526,-431.7650146484375
0,527,-431.76519775390625
0,528,-431.7652282714844
0,529,-431.7652587890625
0,530,-431.7652282714844
0,531,-431.7652587890625
0,532,-431.7652587890625
0,533,-431.7652282714844
0,534,-431.7652282714844
0,535,-431.7652587890625
0,536,-431.76531982421875
0,537,-431.7654113769531
0,538,-431.765625
0,539,-431.7658386230469
0,540,-431.7659912109375
0,541,-431.76617431640625
0,542,-431.7663879394531
0,543,-431.7665710449219
0,544,-431.76666259765625
0,545,-431.766845703125
0,546,-431.7668762207031
0,547,-431.76702880859375
0,548,-431.76708984375
0,549,-431.7671813964844
0,550,-431.7673034667969
0,551,-431.7673645019531
0,552,-431.7674560546875
0,553,-431.76751708984375
0,554,-431.76751708984375
0,555,-431.76751708984375
0,556,-431.7673645019531
0,557,-431.7669372558594
0,558,-431.7658386230469
0,559,-431.7641296386719
0,560,-431.7622375488281
0,561,-431.7608337402344
0,562,-431.761474609375
0,563,-431.7648010253906
0,564,-431.7679443359375
0,565,-431.7679138183594
0,566,-431.7663879394531
0,567,-431.7645568847656
0,568,-431.76544189453125
0,569,-431.7670593261719
0,570,-431.76849365234375
0,571,-431.76885986328125
0,572,-431.76837158203125
0,573,-431.7677307128906
0,574,-431.7673034667969
0,575,-431.76751708984375
0,576,-431.768310546875
0,577,-431.7691650390625
0,578,-431.76947021484375
0,579,-431.7693786621094
0,580,-431.7689208984375
0,581,-431.7686767578125
0,582,-431.7687072753906
0,583,-431.7690734863281
0,584,-431.76947021484375
0,585,-431.7698974609375
0,586,-431.7701110839844
0,587,-431.7701721191406
0,588,-431.77008056640625
0,589,-431.7700500488281
0,590,-431.7699890136719
0,591,-431.77001953125
0,592,-431.77008056640625
0,593,-431.7702941894531
0,594,-431.7705383300781
0,595,-431.7707214355469
0,596,-431.7708435058594
0,597,-431.77099609375
0,598,-431.7710266113281
0,599,-431.7710876464844
0,600,-431.77117919921875
0,601,-431.7711486816406
0,602,-431.77117919921875
0,603,-431.77117919921875
0,604,-431.77117919921875
0,605,-431.7711486816406
0,606,-431.7710876464844
0,607,-431.7710266113281
0,608,-431.7709655761719
0,609,-431.770751953125
0,610,-431.7705383300781
0,611,-431.770263671875
0,612,-431.7698669433594
0,613,-431.76947021484375
0,614,-431.7690734863281
0,615,-431.7686767578125
0,616,-431.7684631347656
0,617,-431.7684631347656
0,618,-431.7687072753906
0,619,-431.76934814453125
0,620,-431.77008056640625
0,621,-431.7709045410156
0,622,-431.77166748046875
0,623,-431.7723083496094
0,624,-431.772705078125
0,625,-431.7729187011719
0,626,-431.7730712890625
0,627,-431.77301025390625
0,628,-431.77288818359375
0,629,-431.772705078125
0,630,-431.77252197265625
0,631,-431.7722473144531
0,632,-431.77197265625
0,633,-431.77166748046875
0,634,-431.771240234375
0,635,-431.7707824707031
0,636,-431.77032470703125
0,637,-431.76983642578125
0,638,-431.7693786621094
0,639,-431.7689514160156
0,640,-431.76885986328125
0,641,-431.7689208984375
0,642,-431.7691955566406
0,643,-431.76983642578125
0,644,-431.7705993652344
0,645,-431.7714538574219
0,646,-431.7723693847656
0,647,-431.7730712890625
0,648,-431.77374267578125
0,649,-431.7742004394531
0,650,-431.7744445800781
0,651,-431.7746887207031
0,652,-431.7746887207031
0,653,-431.7746887207031
0,654,-431.7746887207031
0,655,-431.7745361328125
0,656,-431.7744445800781
0,657,-431.77423095703125
0,658,-431.77398681640625
0,659,-431.7735595703125
0,660,-431.7730712890625
0,661,-431.7724304199219
0,662,-431.771484375
0,663,-431.7702941894531
0,664,-431.7686767578125
0,665,-431.7668151855469
0,666,-431.7645263671875
0,667,-431.762451171875
0,668,-431.7604064941406
0,669,-431.75970458984375
0,670,-431.759765625
0,671,-431.7617492675781
0,672,-431.764404296875
0,673,-431.76800537109375
0,674,-431.7712097167969
0,675,-431.77386474609375
0,676,-431.7755432128906
0,677,-431.7762451171875
0,678,-431.77606201171875
0,679,-431.7753601074219
0,680,-431.7742614746094
0,681,-431.77313232421875
0,682,-431.7721862792969
0,683,-431.7713928222656
0,684,-431.77099609375
0,685,-431.77081298828125
0,686,-431.77105712890625
0,687,-431.7714538574219
0,688,-431.77215576171875
0,689,-431.7728271484375
0,690,-431.77362060546875
0,691,-431.7743225097656
0,692,-431.77496337890625
0,693,-431.7756042480469
0,694,-431.77606201171875
0,695,-431.7764587402344
0,696,-431.7767639160156
0,697,-431.7769775390625
0,698,-431.7772216796875
0,699,-431.77728271484375
0,700,-431.7774353027344
0,701,-431.7774963378906
0,702,-431.77764892578125
0,703,-431.7776794433594
0,704,-431.7777099609375
0,705,-431.77777099609375
0,706,-431.7778625488281
0,707,-431.77789306640625
0,708,-431.7779235839844
0,709,-431.7779541015625
0,710,-431.7779846191406
0,711,-431.7779541015625
0,712,-431.77789306640625
0,713,-431.7777099609375
0,714,-431.7774353027344
0,715,-431.77685546875
0,716,-431.77587890625
0,717,-431.7742004394531
0,718,-431.7712097167969
0,719,-431.765869140625
0,720,-431.7571716308594
0,721,-431.7421569824219
0,722,-431.72149658203125
0,723,-431.6889953613281
0,724,-431.66015625
0,725,-431.62261962890625
0,726,-431.6214599609375
0,727,-431.62384033203125
0,728,-431.6697998046875
0,729,-431.7127990722656
0,730,-431.75494384765625
0,731,-431.7763366699219
0,732,-431.7767639160156
0,733,-431.7617492675781
0,734,-431.7394714355469
0,735,-431.72332763671875
0,736,-431.7135925292969
0,737,-431.7225646972656
0,738,-431.7368469238281
0,739,-431.7571716308594
0,740,-431.7721862792969
0,741,-431.77911376953125
0,742,-431.7773742675781
0,743,-431.76983642578125
0,744,-431.7613830566406
0,745,-431.7544250488281
0,746,-431.7532958984375
0,747,-431.7555236816406
0,748,-431.7622985839844
0,749,-431.7693786621094
0,750,-431.77569580078125
0,751,-431.779296875
0,752,-431.7799072265625
0,753,-431.77813720703125
0,754,-431.7751770019531
0,755,-431.7723693847656
0,756,-431.7702941894531
0,757,-431.76983642578125
0,758,-431.7703857421875
0,759,-431.7723693847656
0,760,-431.7745361328125
0,761,-431.7769470214844
0,762,-431.7788391113281
0,763,-431.7799987792969
0,764,-431.780517578125
0,765,-431.78045654296875
0,766,-431.7800598144531
0,767,-431.7793884277344
0,768,-431.7786865234375
0,769,-431.7779541015625
0,770,-431.7774963378906
0,771,-431.77716064453125
0,772,-431.7770690917969
0,773,-431.77703857421875
0,774,-431.7772216796875
0,775,-431.7774353027344
0,776,-431.7776794433594
0,777,-431.77789306640625
0,778,-431.77813720703125
0,779,-431.7783508300781
0,780,-431.7785339355469
0,781,-431.7785949707031
0,782,-431.7786865234375
0,783,-431.7786560058594
0,784,-431.7785949707031
0,785,-431.77838134765625
0,786,-431.778076171875
0,787,-431.7774963378906
0,788,-431.7767639160156
0,789,-431.7756042480469
0,790,-431.77423095703125
0,791,-431.7719421386719
0,792,-431.7691345214844
0,793,-431.76470947265625
0,794,-431.75921630859375
0,795,-431.75006103515625
0,796,-431.7393798828125
0,797,-431.72100830078125
0,798,-431.7015380859375
0,799,-431.66650390625
0,800,-431.6363220214844
0,801,-431.57891845703125
0,802,-431.54815673828125
0,803,-431.479248046875
0,804,-431.4796447753906
0,805,-431.44244384765625
0,806,-431.5029296875
0,807,-431.5357360839844
0,808,-431.6273498535156
0,809,-431.6930236816406
0,810,-431.7508544921875
0,811,-431.77862548828125
0,812,-431.7797546386719
0,813,-431.76123046875
0,814,-431.7317810058594
0,815,-431.70758056640625
0,816,-431.6860656738281
0,817,-431.6894226074219
0,818,-431.69696044921875
0,819,-431.7230224609375
0,820,-431.7462463378906
0,821,-431.7678527832031
0,822,-431.7799987792969
0,823,-431.78253173828125
0,824,-431.77728271484375
0,825,-431.76776123046875
0,826,-431.7586364746094
0,827,-431.75091552734375
0,828,-431.7495422363281
0,829,-431.75067138671875
0,830,-431.75738525390625
0,831,-431.7645263671875
0,832,-431.7725830078125
0,833,-431.778564453125
0,834,-431.7822265625
0,835,-431.78326416015625
0,836,-431.78228759765625
0,837,-431.780029296875
0,838,-431.7772216796875
0,839,-431.77490234375
0,840,-431.7729187011719
0,841,-431.7723693847656
0,842,-431.7723388671875
0,843,-431.7735595703125
0,844,-431.7750549316406
0,845,-431.77703857421875
0,846,-431.7788391113281
0,847,-431.780517578125
0,848,-431.7818603515625
0,849,-431.7829284667969
0,850,-431.7835388183594
0,851,-431.7839050292969
0,852,-431.78399658203125
0,853,-431.7839050292969
0,854,-431.78369140625
0,855,-431.783447265625
0,856,-431.78314208984375
0,857,-431.7827453613281
0,858,-431.7823791503906
0,859,-431.7820129394531
0,860,-431.7815856933594
0,861,-431.7810974121094
0,862,-431.780517578125
0,863,-431.7798156738281
0,864,-431.779052734375
0,865,-431.7779235839844
0,866,-431.7767639160156
0,867,-431.77490234375
0,868,-431.7728271484375
0,869,-431.76959228515625
0,870,-431.76593017578125
0,871,-431.7599182128906
0,872,-431.7532958984375
0,873,-431.741943359375
0,874,-431.7299499511719
0,875,-431.70831298828125
0,876,-431.6875
0,877,-431.64715576171875
0,878,-431.6142578125
0,879,-431.54425048828125
0,880,-431.50408935546875
0,881,-431.4017639160156
0,882,-431.3822021484375
0,883,-431.28179931640625
0,884,-431.3337097167969
0,885,-431.3122863769531
0,886,-431.44476318359375
0,887,-431.525634765625
0,888,-431.6543884277344
0,889,-431.73577880859375
0,890,-431.7799072265625
0,891,-431.7799987792969
0,892,-431.7481384277344
0,893,-431.70599365234375
0,894,-431.66094970703125
0,895,-431.65081787109375
0,896,-431.64801025390625
0,897,-431.6849365234375
0,898,-431.719970703125
0,899,-431.7580871582031
0,900,-431.78009033203125
0,901,-431.7848815917969
0,902,-431.77532958984375
0,903,-431.7580871582031
0,904,-431.7438049316406
0,905,-431.7337951660156
0,906,-431.73760986328125
0,907,-431.7458190917969
0,908,-431.7608947753906
0,909,-431.7737121582031
0,910,-431.7826843261719
0,911,-431.7856750488281
0,912,-431.783447265625
0,913,-431.7781677246094
0,914,-431.7722473144531
0,915,-431.7686462402344
0,916,-431.76702880859375
0,917,-431.7692565917969
0,918,-431.7727966308594
0,919,-431.77764892578125
0,920,-431.78179931640625
0,921,-431.7847595214844
0,922,-431.7860412597656
0,923,-431.78582763671875
0,924,-431.78460693359375
0,925,-431.78289794921875
0,926,-431.7813720703125
0,927,-431.7803649902344
0,928,-431.7801818847656
0,929,-431.78045654296875
0,930,-431.7815246582031
0,931,-431.78271484375
0,932,-431.7839660644531
0,933,-431.7850646972656
0,934,-431.78594970703125
0,935,-431.78643798828125
0,936,-431.78668212890625
0,937,-431.7866516113281
0,938,-431.78643798828125
0,939,-431.78607177734375
0,940,-431.7857360839844
0,941,-431.7854919433594
0,942,-431.7852478027344
0,943,-431.78509521484375
0,944,-431.7850646972656
0,945,-431.7850646972656
0,946,-431.78515625
0,947,-431.7852783203125
0,948,-431.78546142578125
0,949,-431.7856140136719
0,950,-431.7857360839844
0,951,-431.7859802246094
0,952,-431.78607177734375
0,953,-431.7862243652344
0,954,-431.7862854003906
0,955,-431.78643798828125
0,956,-431.78643798828125
0,957,-431.7864990234375
0,958,-431.7865295410156
0,959,-431.7864990234375
0,960,-431.7864685058594
0,961,-431.78643798828125
0,962,-431.7862854003906
0,963,-431.7861328125
0,964,-431.7857971191406
0,965,-431.78546142578125
0,966,-431.7848815917969
0,967,-431.7841796875
0,968,-431.7830810546875
0,969,-431.7817077636719
0,970,-431.7795104980469
0,971,-431.77679443359375
0,972,-431.77239990234375
0,973,-431.7669372558594
0,974,-431.7578430175781
0,975,-431.74676513671875
0,976,-431.7272033691406
0,977,-431.7052001953125
0,978,-431.66326904296875
0,979,-431.6215515136719
0,980,-431.5343933105469
0,981,-431.46746826171875
0,982,-431.30609130859375
0,983,-431.2403564453125
0,984,-431.0186767578125
0,985,-431.058349609375
0,986,-430.92755126953125
0,987,-431.162353515625
0,988,-431.2775573730469
0,989,-431.5450439453125
0,990,-431.70751953125
0,991,-431.78485107421875
0,992,-431.7616882324219
0,993,-431.6720886230469
0,994,-431.5899353027344
0,995,-431.51513671875
0,996,-431.5552062988281
0,997,-431.6076354980469
0,998,-431.7069396972656
0,999,-431.7705383300781
0,1000,-431.787109375
0,1001,-431.7601623535156
0,1002,-431.7139587402344
0,1003,-431.688720703125
0,1004,-431.6824951171875
0,1005,-431.7165222167969
0,1006,-431.752685546875
0,1007,-431.7813720703125
0,1008,-431.7877502441406
0,1009,-431.77490234375
0,1010,-431.7560119628906
0,1011,-431.74176025390625
0,1012,-431.7451477050781
0,1013,-431.7571105957031
0,1014,-431.7746887207031
0,1015,-431.7862243652344
0,1016,-431.7882080078125
0,1017,-431.7820739746094
0,1018,-431.7732849121094
0,1019,-431.7684020996094
0,1020,-431.7684326171875
0,1021,-431.7746887207031
0,1022,-431.7818603515625
0,1023,-431.787353515625
0,1024,-431.7889099121094
0,1025,-431.786865234375
0,1026,-431.7832946777344
0,1027,-431.78045654296875
0,1028,-431.7801818847656
0,1029,-431.7818603515625
0,1030,-431.7850341796875
0,1031,-431.7877502441406
0,1032,-431.7891540527344
0,1033,-431.7889709472656
0,1034,-431.7876892089844
0,1035,-431.786376953125
0,1036,-431.7855224609375
0,1037,-431.7857360839844
0,1038,-431.7865905761719
0,1039,-431.787841796875
0,1040,-431.7889709472656
0,1041,-431.7894592285156
0,1042,-431.7894592285156
0,1043,-431.7890625
0,1044,-431.7885437011719
0,1045,-431.7882080078125
0,1046,-431.78814697265625
0,1047,-431.78839111328125
0,1048,-431.788818359375
0,1049,-431.789306640625
0,1050,-431.7896728515625
0,1051,-431.7898864746094
0,1052,-431.7898864746094
0,1053,-431.78973388671875
0,1054,-431.78961181640625
0,1055,-431.7894592285156
0,1056,-431.7894287109375
0,1057,-431.7895202636719
0,1058,-431.7896728515625
0,1059,-431.7898864746094
0,1060,-431.7900085449219
0,1061,-431.7901611328125
0,1062,-431.79022216796875
0,1063,-431.7903137207031
0,1064,-431.790283203125
0,1065,-431.790283203125
0,1066,-431.79022216796875
0,1067,-431.79022216796875
0,1068,-431.79022216796875
0,1069,-431.7903137207031
0,1070,-431.7903747558594
0,1071,-431.7904052734375
0,1072,-431.79052734375
0,1073,-431.79058837890625
0,1074,-431.7906188964844
0,1075,-431.7906494140625
0,1076,-431.7907409667969
0,1077,-431.7907409667969
0,1078,-431.7908020019531
0,1079,-431.7908020019531
0,1080,-431.7908020019531
0,1081,-431.79083251953125
0,1082,-431.79083251953125
0,1083,-431.7908630371094
0,1084,-431.7908935546875
0,1085,-431.7909851074219
0,1086,-431.791015625
0,1087,-431.7910461425781
0,1088,-431.7910461425781
0,1089,-431.7911071777344
0,1090,-431.7911376953125
0,1091,-431.79119873046875
0,1092,-431.7912292480469
0,1093,-431.7912902832031
0,1094,-431.7912902832031
0,1095,-431.79132080078125
0,1096,-431.7913513183594
0,1097,-431.7913818359375
0,1098,-431.79144287109375
0,1099,-431.79150390625
0,1100,-431.79150390625
0,1101,-431.79150390625
0,1102,-431.79156494140625
0,1103,-431.79156494140625
0,1104,-431.7916259765625
0,1105,-431.7916259765625
0,1106,-431.7917175292969
0,1107,-431.7917175292969
0,1108,-431.791748046875
0,1109,-431.791748046875
0,1110,-431.7917785644531
0,1111,-431.7917785644531
0,1112,-431.7918395996094
0,1113,-431.7918395996094
0,1114,-431.7918395996094
0,1115,-431.7918395996094
0,1116,-431.7918395996094
0,1117,-431.7918395996094
0,1118,-431.7917785644531
0,1119,-431.791748046875
0,1120,-431.79168701171875
0,1121,-431.79150390625
0,1122,-431.7912902832031
0,1123,-431.7909851074219
0,1124,-431.7904357910156
0,1125,-431.7897033691406
0,1126,-431.7886962890625
0,1127,-431.7870788574219
0,1128,-431.7848205566406
0,1129,-431.7811584472656
0,1130,-431.7762756347656
0,1131,-431.7679443359375
0,1132,-431.7571105957031
0,1133,-431.7378234863281
0,1134,-431.7142639160156
0,1135,-431.6694641113281
0,1136,-431.6210021972656
0,1137,-431.5195617675781
0,1138,-431.4344177246094
0,1139,-431.229248046875
0,1140,-431.1374206542969
0,1141,-430.83343505859375
0,1142,-430.88983154296875
0,1143,-430.7138671875
0,1144,-431.05419921875
0,1145,-431.23712158203125
0,1146,-431.5744934082031
0,1147,-431.754150390625
0,1148,-431.7855224609375
0,1149,-431.6921081542969
0,1150,-431.53875732421875
0,1151,-431.4776916503906
0,1152,-431.4490661621094
0,1153,-431.58111572265625
0,1154,-431.6979675292969
0,1155,-431.7815246582031
0,1156,-431.7824401855469
0,1157,-431.7232360839844
0,1158,-431.6683654785156
0,1159,-431.64068603515625
0,1160,-431.6867980957031
0,1161,-431.742431640625
0,1162,-431.7857360839844
0,1163,-431.78875732421875
0,1164,-431.7608337402344
0,1165,-431.733154296875
0,1166,-431.7217102050781
0,1167,-431.7430725097656
0,1168,-431.7706298828125
0,1169,-431.7903137207031
0,1170,-431.7901306152344
0,1171,-431.77581787109375
0,1172,-431.76287841796875
0,1173,-431.75946044921875
0,1174,-431.7705383300781
0,1175,-431.7839660644531
0,1176,-431.792236328125
0,1177,-431.7910461425781
0,1178,-431.78387451171875
0,1179,-431.77789306640625
0,1180,-431.7769470214844
0,1181,-431.7823486328125
0,1182,-431.7889709472656
0,1183,-431.7928466796875
0,1184,-431.7922058105469
0,1185,-431.7887268066406
0,1186,-431.7857971191406
0,1187,-431.7853698730469
0,1188,-431.78790283203125
0,1189,-431.79107666015625
0,1190,-431.7931213378906
0,1191,-431.7929992675781
0,1192,-431.79150390625
0,1193,-431.78997802734375
0,1194,-431.78961181640625
0,1195,-431.79058837890625
0,1196,-431.7921447753906
0,1197,-431.79327392578125
0,1198,-431.7935485839844
0,1199,-431.7929382324219
0,1200,-431.7922058105469
0,1201,-431.7917785644531
0,1202,-431.79205322265625
0,1203,-431.7926940917969
0,1204,-431.79339599609375
0,1205,-431.7937927246094
0,1206,-431.7936706542969
0,1207,-431.7933654785156
0,1208,-431.7931213378906
0,1209,-431.7930603027344
0,1210,-431.79327392578125
0,1211,-431.7935791015625
0,1212,-431.79388427734375
0,1213,-431.7940368652344
0,1214,-431.7939758300781
0,1215,-431.7938232421875
0,1216,-431.79376220703125
0,1217,-431.79376220703125
0,1218,-431.7938537597656
0,1219,-431.7940368652344
0,1220,-431.7941589355469
0,1221,-431.79425048828125
0,1222,-431.79425048828125
0,1223,-431.79425048828125
0,1224,-431.7941589355469
0,1225,-431.7942199707031
0,1226,-431.79425048828125
0,1227,-431.7943115234375
0,1228,-431.79443359375
0,1229,-431.79449462890625
0,1230,-431.7945251464844
0,1231,-431.7945251464844
0,1232,-431.7945251464844
0,1233,-431.7945251464844
0,1234,-431.7945251464844
0,1235,-431.7945861816406
0,1236,-431.79461669921875
0,1237,-431.79473876953125
0,1238,-431.79473876953125
0,1239,-431.79473876953125
0,1240,-431.7947692871094
0,1241,-431.7947998046875
0,1242,-431.7947998046875
0,1243,-431.7947998046875
0,1244,-431.7948913574219
0,1245,-431.7949523925781
0,1246,-431.79498291015625
0,1247,-431.79498291015625
0,1248,-431.79498291015625
0,1249,-431.7950134277344
0,1250,-431.7950439453125
0,1251,-431.7950744628906
0,1252,-431.7950744628906
0,1253,-431.795166015625
0,1254,-431.7951965332031
0,1255,-431.7951965332031
0,1256,-431.79522705078125
0,1257,-431.79522705078125
0,1258,-431.7952880859375
0,1259,-431.7952880859375
0,1260,-431.7953796386719
0,1261,-431.7953796386719
0,1262,-431.7954406738281
0,1263,-431.7954406738281
0,1264,-431.7954406738281
0,1265,-431.79547119140625
0,1266,-431.7955017089844
0,1267,-431.7955322265625
0,1268,-431.79559326171875
0,1269,-431.7956237792969
0,1270,-431.7956237792969
0,1271,-431.795654296875
0,1272,-431.795654296875
0,1273,-431.7956848144531
0,1274,-431.79571533203125
0,1275,-431.7957458496094
0,1276,-431.79583740234375
0,1277,-431.7958679199219
0,1278,-431.7958679199219
0,1279,-431.7958984375
0,1280,-431.7958984375
0,1281,-431.7959289550781
0,1282,-431.7959289550781
0,1283,-431.7959899902344
0,1284,-431.7959899902344
0,1285,-431.79608154296875
0,1286,-431.79608154296875
0,1287,-431.796142578125
0,1288,-431.796142578125
0,1289,-431.796142578125
0,1290,-431.7961730957031
0,1291,-431.79620361328125
0,1292,-431.79620361328125
0,1293,-431.7962951660156
0,1294,-431.7962951660156
0,1295,-431.7963562011719
0,1296,-431.7963562011719
0,1297,-431.7963562011719
0,1298,-431.7964172363281
0,1299,-431.7964172363281
0,1300,-431.79644775390625
0,1301,-431.7965087890625
0,1302,-431.7965087890625
0,1303,-431.7966003417969
0,1304,-431.7966003417969
0,1305,-431.7966003417969
0,1306,-431.7966003417969
0,1307,-431.796630859375
0,1308,-431.79669189453125
0,1309,-431.79669189453125
0,1310,-431.7967529296875
0,1311,-431.7967834472656
0,1312,-431.79681396484375
0,1313,-431.79681396484375
0,1314,-431.7968444824219
0,1315,-431.7968444824219
0,1316,-431.7969055175781
0,1317,-431.7969055175781
0,1318,-431.7969970703125
0,1319,-431.7969970703125
0,1320,-431.7970275878906
0,1321,-431.79705810546875
0,1322,-431.79705810546875
0,1323,-431.7970886230469
0,1324,-431.797119140625
0,1325,-431.797119140625
0,1326,-431.7971496582031
0,1327,-431.7972412109375
0,1328,-431.7972717285156
0,1329,-431.7972717285156
0,1330,-431.7972717285156
0,1331,-431.7973327636719
0,1332,-431.7973327636719
0,1333,-431.7973937988281
0,1334,-431.7973937988281
0,1335,-431.7974853515625
0,1336,-431.7974853515625
0,1337,-431.7974853515625
0,1338,-431.7975158691406
0,1339,-431.7975158691406
0,1340,-431.79754638671875
0,1341,-431.7975769042969
0,1342,-431.797607421875
0,1343,-431.7976989746094
0,1344,-431.7976989746094
0,1345,-431.7977294921875
0,1346,-431.7977294921875
0,1347,-431.7977600097656
0,1348,-431.79779052734375
0,1349,-431.7978210449219
0,1350,-431.7978210449219
0,1351,-431.7978515625
0,1352,-431.79791259765625
0,1353,-431.7979431152344
0,1354,-431.7979431152344
0,1355,-431.7979736328125
0,1356,-431.7979736328125
0,1357,-431.7979736328125
0,1358,-431.7979736328125
0,1359,-431.7979431152344
0,1360,-431.79791259765625
0,1361,-431.7977600097656
0,1362,-431.79766845703125
0,1363,-431.7973937988281
0,1364,-431.79705810546875
0,1365,-431.79644775390625
0,1366,-431.7956237792969
0,1367,-431.79425048828125
0,1368,-431.7922058105469
0,1369,-431.7889099121094
0,1370,-431.7842102050781
0,1371,-431.77630615234375
0,1372,-431.76568603515625
0,1373,-431.74676513671875
0,1374,-431.72320556640625
0,1375,-431.67877197265625
0,1376,-431.6307373046875
0,1377,-431.5318603515625
0,1378,-431.45111083984375
0,1379,-431.26055908203125
0,1380,-431.1849365234375
0,1381,-430.93096923828125
0,1382,-431.0058288574219
0,1383,-430.9077453613281
0,1384,-431.21319580078125
0,1385,-431.40277099609375
0,1386,-431.66229248046875
0,1387,-431.78594970703125
0,1388,-431.7795104980469
0,1389,-431.683349609375
0,1390,-431.5537414550781
0,1391,-431.52392578125
0,1392,-431.5283508300781
0,1393,-431.64813232421875
0,1394,-431.7456970214844
0,1395,-431.7966003417969
0,1396,-431.7788391113281
0,1397,-431.7213439941406
0,1398,-431.6838073730469
0,1399,-431.6757507324219
0,1400,-431.7234802246094
0,1401,-431.77117919921875
0,1402,-431.7973937988281
0,1403,-431.78924560546875
0,1404,-431.761474609375
0,1405,-431.7430725097656
0,1406,-431.7421875
0,1407,-431.76544189453125
0,1408,-431.788330078125
0,1409,-431.79852294921875
0,1410,-431.7921447753906
0,1411,-431.77813720703125
0,1412,-431.77081298828125
0,1413,-431.77349853515625
0,1414,-431.7855224609375
0,1415,-431.7957458496094
0,1416,-431.7986755371094
0,1417,-431.7940673828125
0,1418,-431.7873840332031
0,1419,-431.78497314453125
0,1420,-431.78759765625
0,1421,-431.79364013671875
0,1422,-431.7981872558594
0,1423,-431.7986755371094
0,1424,-431.7959289550781
0,1425,-431.79290771484375
0,1426,-431.7922058105469
0,1427,-431.7940368652344
0,1428,-431.79705810546875
0,1429,-431.79888916015625
0,1430,-431.79888916015625
0,1431,-431.7974853515625
0,1432,-431.7961120605469
0,1433,-431.7958984375
0,1434,-431.7969055175781
0,1435,-431.7983703613281
0,1436,-431.7992248535156
0,1437,-431.7991638183594
0,1438,-431.7984619140625
0,1439,-431.79791259765625
0,1440,-431.7978210449219
0,1441,-431.7983093261719
0,1442,-431.7990417480469
0,1443,-431.7994384765625
0,1444,-431.7994384765625
0,1445,-431.79913330078125
0,1446,-431.79888916015625
0,1447,-431.798828125
0,1448,-431.799072265625
0,1449,-431.79937744140625
0,1450,-431.7996520996094
0,1451,-431.7996826171875
0,1452,-431.7995910644531
0,1453,-431.7994384765625
0,1454,-431.7994079589844
0,1455,-431.7995300292969
0,1456,-431.7996520996094
0,1457,-431.7998046875
0,1458,-431.79986572265625
0,1459,-431.79986572265625
0,1460,-431.7998046875
0,1461,-431.7998046875
0,1462,-431.7998046875
0,1463,-431.7998962402344
0,1464,-431.800048828125
0,1465,-431.800048828125
0,1466,-431.8000793457031
0,1467,-431.8000793457031
0,1468,-431.800048828125
0,1469,-431.8000793457031
0,1470,-431.80010986328125
0,1471,-431.8002014160156
0,1472,-431.80023193359375
0,1473,-431.80029296875
0,1474,-431.80029296875
0,1475,-431.80029296875
0,1476,-431.80029296875
0,1477,-431.80029296875
0,1478,-431.80035400390625
0,1479,-431.8003845214844
0,1480,-431.80047607421875
0,1481,-431.8005065917969
0,1482,-431.8005065917969
0,1483,-431.8005065917969
0,1484,-431.8005065917969
0,1485,-431.8005065917969
0,1486,-431.8005676269531
0,1487,-431.80059814453125
0,1488,-431.8006591796875
0,1489,-431.8006896972656
0,1490,-431.80072021484375
0,1491,-431.80072021484375
0,1492,-431.8007507324219
0,1493,-431.8007507324219
0,1494,-431.8007507324219
0,1495,-431.80078125
0,1496,-431.80084228515625
0,1497,-431.80084228515625
0,1498,-431.8009338378906
0,1499,-431.8009338378906
0,1500,-431.8009338378906
0,1501,-431.80096435546875
0,1502,-431.80096435546875
0,1503,-431.8009948730469
0,1504,-431.8009948730469
0,1505,-431.8010559082031
0,1506,-431.8011169433594
0,1507,-431.8011474609375
0,1508,-431.8011474609375
0,1509,-431.8011779785156
0,1510,-431.80120849609375
0,1511,-431.80120849609375
0,1512,-431.80120849609375
0,1513,-431.80120849609375
0,1514,-431.80126953125
0,1515,-431.80126953125
0,1516,-431.8013000488281
0,1517,-431.8013610839844
0,1518,-431.8013916015625
0,1519,-431.8014221191406
0,1520,-431.8014221191406
0,1521,-431.8014221191406
0,1522,-431.80145263671875
0,1523,-431.8014831542969
0,1524,-431.8014831542969
0,1525,-431.8015441894531
0,1526,-431.8015441894531
0,1527,-431.8016052246094
0,1528,-431.8016357421875
0,1529,-431.8016662597656
0,1530,-431.8016662597656
0,1531,-431.8016662597656
0,1532,-431.80169677734375
0,1533,-431.80169677734375
0,1534,-431.8017578125
0,1535,-431.8017578125
0,1536,-431.80181884765625
0,1537,-431.8018493652344
0,1538,-431.8018493652344
0,1539,-431.8018798828125
0,1540,-431.8018798828125
0,1541,-431.8019104003906
0,1542,-431.8019104003906
0,1543,-431.80194091796875
0,1544,-431.8019714355469
0,1545,-431.802001953125
0,1546,-431.80206298828125
0,1547,-431.8021240234375
0,1548,-431.8021240234375
0,1549,-431.8021240234375
0,1550,-431.8021240234375
0,1551,-431.8021545410156
0,1552,-431.80218505859375
0,1553,-431.80218505859375
0,1554,-431.80218505859375
0,1555,-431.8022766113281
0,1556,-431.80230712890625
0,1557,-431.8023376464844
0,1558,-431.8023681640625
0,1559,-431.8023681640625
0,1560,-431.8023681640625
0,1561,-431.8023681640625
0,1562,-431.8023986816406
0,1563,-431.80242919921875
0,1564,-431.8024597167969
0,1565,-431.8024597167969
0,1566,-431.80255126953125
0,1567,-431.80255126953125
0,1568,-431.8025817871094
0,1569,-431.8025817871094
0,1570,-431.8026123046875
0,1571,-431.8026123046875
0,1572,-431.8026428222656
0,1573,-431.80267333984375
0,1574,-431.802734375
0,1575,-431.8027648925781
0,1576,-431.8027648925781
0,1577,-431.8028259277344
0,1578,-431.8028259277344
0,1579,-431.8028259277344
0,1580,-431.8028259277344
0,1581,-431.8028259277344
0,1582,-431.8028869628906
0,1583,-431.8028869628906
0,1584,-431.802978515625
0,1585,-431.8030090332031
0,1586,-431.8030090332031
0,1587,-431.80303955078125
0,1588,-431.80303955078125
0,1589,-431.80303955078125
0,1590,-431.8031005859375
0,1591,-431.8031005859375
0,1592,-431.8031311035156
0,1593,-431.8031311035156
0,1594,-431.8031921386719
0,1595,-431.8032531738281
0,1596,-431.8032531738281
0,1597,-431.8032531738281
0,1598,-431.80328369140625
0,1599,-431.80328369140625
0,1600,-431.80328369140625
0,1601,-431.8033142089844
0,1602,-431.8033447265625
0,1603,-431.8033752441406
0,1604,-431.8033752441406
0,1605,-431.803466796875
0,1606,-431.8034973144531
0,1607,-431.8034973144531
0,1608,-431.8034973144531
0,1609,-431.80352783203125
0,1610,-431.80352783203125
0,1611,-431.8035583496094
0,1612,-431.8035888671875
0,1613,-431.8036193847656
0,1614,-431.8036804199219
0,1615,-431.8036804199219
0,1616,-431.8037109375
0,1617,-431.8037414550781
0,1618,-431.8037414550781
0,1619,-431.8037414550781
0,1620,-431.8037414550781
0,1621,-431.8038024902344
0,1622,-431.8038024902344
0,1623,-431.80389404296875
0,1624,-431.80389404296875
0,1625,-431.8039245605469
0,1626,-431.803955078125
0,1627,-431.803955078125
0,1628,-431.803955078125
0,1629,-431.803955078125
0,1630,-431.80401611328125
0,1631,-431.80401611328125
0,1632,-431.8040466308594
0,1633,-431.8040771484375
0,1634,-431.80413818359375
0,1635,-431.8041687011719
0,1636,-431.8041687011719
0,1637,-431.80419921875
0,1638,-431.80419921875
0,1639,-431.80419921875
0,1640,-431.8042297363281
0,1641,-431.8042297363281
0,1642,-431.80426025390625
0,1643,-431.8042907714844
0,1644,-431.8042907714844
0,1645,-431.80438232421875
0,1646,-431.8044128417969
0,1647,-431.8044128417969
0,1648,-431.804443359375
0,1649,-431.804443359375
0,1650,-431.804443359375
0,1651,-431.804443359375
0,1652,-431.8044738769531
0,1653,-431.80450439453125
0,1654,-431.80450439453125
0,1655,-431.80450439453125
0,1656,-431.8045349121094
0,1657,-431.80450439453125
0,1658,-431.80450439453125
0,1659,-431.80450439453125
0,1660,-431.804443359375
0,1661,-431.804443359375
0,1662,-431.8042907714844
0,1663,-431.8041687011719
0,1664,-431.80389404296875
0,1665,-431.80352783203125
0,1666,-431.8031005859375
0,1667,-431.8024597167969
0,1668,-431.8016662597656
0,1669,-431.800537109375
0,1670,-431.7992858886719
0,1671,-431.7974548339844
0,1672,-431.79547119140625
0,1673,-431.7927551269531
0,1674,-431.7901306152344
0,1675,-431.78643798828125
0,1676,-431.78326416015625
0,1677,-431.77862548828125
0,1678,-431.775390625
0,1679,-431.7702941894531
0,1680,-431.7677307128906
0,1681,-431.7629089355469
0,1682,-431.7618713378906
0,1683,-431.758544921875
0,1684,-431.7599182128906
0,1685,-431.75921630859375
0,1686,-431.7633056640625
0,1687,-431.7655334472656
0,1688,-431.77166748046875
0,1689,-431.77630615234375
0,1690,-431.7830505371094
0,1691,-431.7884521484375
0,1692,-431.7940368652344
0,1693,-431.79840087890625
0,1694,-431.8018798828125
0,1695,-431.8040466308594
0,1696,-431.8052062988281
0,1697,-431.8053894042969
0,1698,-431.8049011230469
0,1699,-431.803955078125
0,1700,-431.8028259277344
0,1701,-431.8017578125
0,1702,-431.8008117675781
0,1703,-431.80035400390625
0,1704,-431.800048828125
0,1705,-431.80029296875
0,1706,-431.8007507324219
0,1707,-431.8014831542969
0,1708,-431.80230712890625
0,1709,-431.8031921386719
0,1710,-431.803955078125
0,1711,-431.8046569824219
0,1712,-431.8051452636719
0,1713,-431.8055419921875
0,1714,-431.8057556152344
0,1715,-431.8058166503906
0,1716,-431.8058166503906
0,1717,-431.8056640625
0,1718,-431.8055725097656
0,1719,-431.80535888671875
0,1720,-431.8052978515625
0,1721,-431.8051452636719
0,1722,-431.80511474609375
0,1723,-431.80511474609375
0,1724,-431.8051452636719
0,1725,-431.8052062988281
0,1726,-431.80535888671875
0,1727,-431.8055114746094
0,1728,-431.8055725097656
0,1729,-431.8057556152344
0,1730,-431.8058166503906
0,1731,-431.8059997558594
0,1732,-431.8060302734375
0,1733,-431.80609130859375
0,1734,-431.80621337890625
0,1735,-431.8062744140625
0,1736,-431.8062744140625
0,1737,-431.8062744140625
0,1738,-431.8062744140625
0,1739,-431.8062744140625
0,1740,-431.8062744140625
0,1741,-431.8062744140625
0,1742,-431.8062744140625
0,1743,-431.8063049316406
0,1744,-431.8063049316406
0,1745,-431.8063049316406
0,1746,-431.8063659667969
0,1747,-431.8064270019531
0,1748,-431.8064270019531
0,1749,-431.8064270019531
0,1750,-431.8064880371094
0,1751,-431.8065185546875
0,1752,-431.8065185546875
0,1753,-431.8065185546875
0,1754,-431.8065490722656
0,1755,-431.80657958984375
0,1756,-431.8066711425781
0,1757,-431.8066711425781
0,1758,-431.80670166015625
0,1759,-431.80670166015625
0,1760,-431.8067321777344
0,1761,-431.8067321777344
0,1762,-431.8067626953125
0,1763,-431.8067626953125
0,1764,-431.80682373046875
0,1765,-431.80682373046875
0,1766,-431.8069152832031
0,1767,-431.8069152832031
0,1768,-431.80694580078125
0,1769,-431.8069763183594
0,1770,-431.8069763183594
0,1771,-431.8069763183594
0,1772,-431.8069763183594
0,1773,-431.8070373535156
0,1774,-431.8070373535156
0,1775,-431.8070373535156
0,1776,-431.80706787109375
0,1777,-431.80712890625
0,1778,-431.8071594238281
0,1779,-431.80718994140625
0,1780,-431.80718994140625
0,1781,-431.80718994140625
0,1782,-431.80718994140625
0,1783,-431.8072204589844
0,1784,-431.8072509765625
0,1785,-431.8072509765625
0,1786,-431.8072509765625
0,1787,-431.8073425292969
0,1788,-431.8073425292969
0,1789,-431.8074035644531
0,1790,-431.8074035644531
0,1791,-431.8074035644531
0,1792,-431.80743408203125
0,1793,-431.80743408203125
0,1794,-431.8074645996094
0,1795,-431.8074645996094
0,1796,-431.8074645996094
0,1797,-431.8074951171875
0,1798,-431.8075256347656
0,1799,-431.8075256347656
0,1800,-431.8076171875
0,1801,-431.8076171875
0,1802,-431.8076171875
0,1803,-431.8076477050781
0,1804,-431.8076477050781
0,1805,-431.80767822265625
0,1806,-431.80767822265625
0,1807,-431.8077087402344
0,1808,-431.8077392578125
0,1809,-431.8077392578125
0,1810,-431.8077697753906
0,1811,-431.8078308105469
0,1812,-431.8078308105469
0,1813,-431.807861328125
0,1814,-431.8078918457031
0,1815,-431.8078918457031
0,1816,-431.8078918457031
0,1817,-431.8078918457031
0,1818,-431.80792236328125
0,1819,-431.8079528808594
0,1820,-431.8079528808594
0,1821,-431.8079833984375
0,1822,-431.80804443359375
0,1823,-431.80804443359375
0,1824,-431.80810546875
0,1825,-431.80810546875
0,1826,-431.80810546875
0,1827,-431.80810546875
0,1828,-431.80810546875
0,1829,-431.80816650390625
0,1830,-431.80816650390625
0,1831,-431.8081970214844
0,1832,-431.8081970214844
0,1833,-431.8082275390625
0,1834,-431.8082275390625
0,1835,-431.8083190917969
0,1836,-431.8083190917969
0,1837,-431.808349609375
0,1838,-431.808349609375
0,1839,-431.808349609375
0,1840,-431.808349609375
0,1841,-431.808349609375
0,1842,-431.8083801269531
0,1843,-431.8083801269531
0,1844,-431.8083801269531
0,1845,-431.8083801269531
0,1846,-431.80841064453125
0,1847,-431.8083801269531
0,1848,-431.808349609375
0,1849,-431.808349609375
0,1850,-431.8083190917969
0,1851,-431.80816650390625
0,1852,-431.80810546875
0,1853,-431.8078918457031
0,1854,-431.8076477050781
0,1855,-431.8072509765625
0,1856,-431.80682373046875
0,1857,-431.8061218261719
0,1858,-431.8052062988281
0,1859,-431.8039245605469
0,1860,-431.80218505859375
0,1861,-431.7996520996094
0,1862,-431.7966003417969
0,1863,-431.7918395996094
0,1864,-431.7864074707031
0,1865,-431.77783203125
0,1866,-431.7688293457031
0,1867,-431.754150390625
0,1868,-431.7409973144531
0,1869,-431.7184753417969
0,1870,-431.7032775878906
0,1871,-431.6745910644531
0,1872,-431.6648864746094
0,1873,-431.6399230957031
0,1874,-431.6479797363281
0,1875,-431.6434326171875
0,1876,-431.67486572265625
0,1877,-431.69757080078125
0,1878,-431.7382507324219
0,1879,-431.7691345214844
0,1880,-431.7947082519531
0,1881,-431.8073425292969
0,1882,-431.8079833984375
0,1883,-431.7998046875
0,1884,-431.78729248046875
0,1885,-431.7772216796875
0,1886,-431.7701416015625
0,1887,-431.77264404296875
0,1888,-431.7785949707031
0,1889,-431.7896728515625
0,1890,-431.7995300292969
0,1891,-431.8066101074219
0,1892,-431.80914306640625
0,1893,-431.8076171875
0,1894,-431.8036804199219
0,1895,-431.79931640625
0,1896,-431.7969665527344
0,1897,-431.7966003417969
0,1898,-431.7991027832031
0,1899,-431.8024597167969
0,1900,-431.8060607910156
0,1901,-431.80853271484375
0,1902,-431.8092956542969
0,1903,-431.80865478515625
0,1904,-431.80718994140625
0,1905,-431.8057861328125
0,1906,-431.8049011230469
0,1907,-431.80511474609375
0,1908,-431.8060302734375
0,1909,-431.8073425292969
0,1910,-431.80859375
0,1911,-431.8092956542969
0,1912,-431.80950927734375
0,1913,-431.80914306640625
0,1914,-431.80859375
0,1915,-431.8081359863281
0,1916,-431.8079528808594
0,1917,-431.80810546875
0,1918,-431.8085021972656
0,1919,-431.80902099609375
0,1920,-431.8094482421875
0,1921,-431.8096618652344
0,1922,-431.8096618652344
0,1923,-431.80950927734375
0,1924,-431.809326171875
0,1925,-431.8092346191406
0,1926,-431.8092041015625
0,1927,-431.80926513671875
0,1928,-431.8094787597656
0,1929,-431.8096008300781
0,1930,-431.80975341796875
0,1931,-431.809814453125
0,1932,-431.8098449707031
0,1933,-431.8097839355469
0,1934,-431.8097229003906
0,1935,-431.8097229003906
0,1936,-431.8097229003906
0,1937,-431.80975341796875
0,1938,-431.8098449707031
0,1939,-431.8099670410156
0,1940,-431.8099670410156
0,1941,-431.80999755859375
0,1942,-431.80999755859375
0,1943,-431.80999755859375
0,1944,-431.80999755859375
0,1945,-431.80999755859375
0,1946,-431.80999755859375
0,1947,-431.81005859375
0,1948,-431.81011962890625
0,1949,-431.8101501464844
0,1950,-431.8102111816406
0,1951,-431.8102111816406
0,1952,-431.8102111816406
0,1953,-431.8102111816406
0,1954,-431.8102111816406
0,1955,-431.8102111816406
0,1956,-431.8102111816406
0,1957,-431.8102722167969
0,1958,-431.8102722167969
0,1959,-431.810302734375
0,1960,-431.81036376953125
0,1961,-431.8103942871094
0,1962,-431.8103942871094
0,1963,-431.8104248046875
0,1964,-431.8104248046875
0,1965,-431.8104248046875
0,1966,-431.8104248046875
0,1967,-431.8104248046875
0,1968,-431.8104553222656
0,1969,-431.81048583984375
0,1970,-431.81048583984375
0,1971,-431.8105773925781
0,1972,-431.8105773925781
0,1973,-431.81060791015625
0,1974,-431.81060791015625
0,1975,-431.8106384277344
0,1976,-431.8106384277344
0,1977,-431.8106689453125
0,1978,-431.8106689453125
0,1979,-431.8106689453125
0,1980,-431.8106689453125
0,1981,-431.8106994628906
0,1982,-431.8106994628906
0,1983,-431.81072998046875
0,1984,-431.8107604980469
0,1985,-431.8107604980469
0,1986,-431.8108215332031
0,1987,-431.81085205078125
0,1988,-431.81085205078125
0,1989,-431.8108825683594
0,1990,-431.8108825683594
0,1991,-431.8108825683594
0,1992,-431.8108825683594
0,1993,-431.8109130859375
0,1994,-431.8109130859375
0,1995,-431.8109130859375
0,1996,-431.8109436035156
0,1997,-431.8109436035156
0,1998,-431.81097412109375
0,1999,-431.81097412109375
0,2000,-431.8110656738281
0,2001,-431.8110656738281
0,2002,-431.81109619140625
0,2003,-431.8111267089844
0,2004,-431.8111267089844
0,2005,-431.8111267089844
0,2006,-431.8111267089844
0,2007,-431.8111267089844
0,2008,-431.8111267089844
0,2009,-431.8111572265625
0,2010,-431.8111877441406
0,2011,-431.8111877441406
0,2012,-431.81121826171875
0,2013,-431.811279296875
0,2014,-431.811279296875
0,2015,-431.8113098144531
0,2016,-431.81134033203125
0,2017,-431.81134033203125
0,2018,-431.81134033203125
0,2019,-431.81134033203125
0,2020,-431.81134033203125
0,2021,-431.81134033203125
0,2022,-431.8113708496094
0,2023,-431.8114013671875
0,2024,-431.8114013671875
0,2025,-431.8114929199219
0,2026,-431.8114929199219
0,2027,-431.8114929199219
0,2028,-431.8114929199219
0,2029,-431.8115539550781
0,2030,-431.8115539550781
0,2031,-431.8115539550781
0,2032,-431.81158447265625
0,2033,-431.81158447265625
0,2034,-431.81158447265625
0,2035,-431.8116149902344
0,2036,-431.8116149902344
0,2037,-431.8116149902344
0,2038,-431.8116760253906
0,2039,-431.8116760253906
0,2040,-431.8116760253906
0,2041,-431.8117370605469
0,2042,-431.8117370605469
0,2043,-431.811767578125
0,2044,-431.811767578125
0,2045,-431.8117980957031
0,2046,-431.8117980957031
0,2047,-431.8117980957031
0,2048,-431.81182861328125
0,2049,-431.81182861328125
0,2050,-431.81182861328125
0,2051,-431.81182861328125
0,2052,-431.8118896484375
0,2053,-431.8118896484375
0,2054,-431.8119201660156
0,2055,-431.8119201660156
0,2056,-431.8119812011719
0,2057,-431.8119812011719
0,2058,-431.81201171875
0,2059,-431.8120422363281
0,2060,-431.8120422363281
0,2061,-431.8120422363281
0,2062,-431.8120422363281
0,2063,-431.8120422363281
0,2064,-431.81207275390625
0,2065,-431.81207275390625
0,2066,-431.8121032714844
0,2067,-431.8121032714844
0,2068,-431.81219482421875
0,2069,-431.81219482421875
0,2070,-431.81219482421875
0,2071,-431.81219482421875
0,2072,-431.812255859375
0,2073,-431.812255859375
0,2074,-431.8122863769531
0,2075,-431.8122863769531
0,2076,-431.8122863769531
0,2077,-431.8122863769531
0,2078,-431.8122863769531
0,2079,-431.81231689453125
0,2080,-431.81231689453125
0,2081,-431.81231689453125
0,2082,-431.8123474121094
0,2083,-431.8123779296875
0,2084,-431.81243896484375
0,2085,-431.81243896484375
0,2086,-431.8124694824219
0,2087,-431.8125
0,2088,-431.8125
0,2089,-431.8125
0,2090,-431.8125
0,2091,-431.8125
0,2092,-431.8125
0,2093,-431.8125305175781
0,2094,-431.8125305175781
0,2095,-431.81256103515625
0,2096,-431.81256103515625
0,2097,-431.8125915527344
0,2098,-431.8126525878906
0,2099,-431.81268310546875
0,2100,-431.81268310546875
0,2101,-431.81268310546875
0,2102,-431.8127136230469
0,2103,-431.812744140625
0,2104,-431.812744140625
0,2105,-431.812744140625
0,2106,-431.812744140625
0,2107,-431.812744140625
0,2108,-431.8127746582031
0,2109,-431.81280517578125
0,2110,-431.81280517578125
0,2111,-431.81280517578125
0,2112,-431.8128967285156
0,2113,-431.8128967285156
0,2114,-431.8128967285156
0,2115,-431.8128967285156
0,2116,-431.8129577636719
0,2117,-431.8129577636719
0,2118,-431.8129577636719
0,2119,-431.8129577636719
0,2120,-431.8129577636719
0,2121,-431.8129577636719
0,2122,-431.8130187988281
0,2123,-431.8130187988281
0,2124,-431.8130187988281
0,2125,-431.8130187988281
0,2126,-431.81304931640625
0,2127,-431.8131103515625
0,2128,-431.8131103515625
0,2129,-431.8131408691406
0,2130,-431.81317138671875
0,2131,-431.81317138671875
0,2132,-431.8132019042969
0,2133,-431.8132019042969
0,2134,-431.8132019042969
0,2135,-431.8132019042969
0,2136,-431.8132019042969
0,2137,-431.813232421875
0,2138,-431.813232421875
0,2139,-431.813232421875
0,2140,-431.8132629394531
0,2141,-431.81329345703125
0,2142,-431.81329345703125
0,2143,-431.8133544921875
0,2144,-431.8133850097656
0,2145,-431.8133850097656
0,2146,-431.81341552734375
0,2147,-431.81341552734375
0,2148,-431.81341552734375
0,2149,-431.81341552734375
0,2150,-431.81341552734375
0,2151,-431.81341552734375
0,2152,-431.8134460449219
0,2153,-431.8134765625
0,2154,-431.8134765625
0,2155,-431.8135070800781
0,2156,-431.8135070800781
0,2157,-431.81353759765625
0,2158,-431.8135986328125
0,2159,-431.8135986328125
0,2160,-431.8136291503906
0,2161,-431.8136291503906
0,2162,-431.8136291503906
0,2163,-431.81365966796875
0,2164,-431.81365966796875
0,2165,-431.81365966796875
0,2166,-431.81365966796875
0,2167,-431.81365966796875
0,2168,-431.813720703125
0,2169,-431.813720703125
0,2170,-431.813720703125
0,2171,-431.8138122558594
0,2172,-431.8138122558594
0,2173,-431.8138122558594
0,2174,-431.8138427734375
0,2175,-431.8138427734375
0,2176,-431.8138427734375
0,2177,-431.8138732910156
0,2178,-431.8138732910156
0,2179,-431.8138732910156
0,2180,-431.8138732910156
0,2181,-431.8138732910156
0,2182,-431.8139343261719
0,2183,-431.8139343261719
0,2184,-431.8139343261719
0,2185,-431.81396484375
0,2186,-431.81396484375
0,2187,-431.8139953613281
0,2188,-431.8139953613281
0,2189,-431.8139953613281
0,2190,-431.8140869140625
0,2191,-431.8140869140625
0,2192,-431.8141174316406
0,2193,-431.8141174316406
0,2194,-431.8141174316406
0,2195,-431.8141174316406
0,2196,-431.8141174316406
0,2197,-431.81414794921875
0,2198,-431.81414794921875
0,2199,-431.81414794921875
0,2200,-431.8141784667969
0,2201,-431.814208984375
0,2202,-431.814208984375
0,2203,-431.81427001953125
0,2204,-431.8143005371094
0,2205,-431.8143005371094
0,2206,-431.8143310546875
0,2207,-431.8143310546875
0,2208,-431.8143615722656
0,2209,-431.8143615722656
0,2210,-431.8143615722656
0,2211,-431.8143615722656
0,2212,-431.8143615722656
0,2213,-431.8143615722656
0,2214,-431.8144226074219
0,2215,-431.8144226074219
0,2216,-431.8144226074219
0,2217,-431.8144226074219
0,2218,-431.814453125
0,2219,-431.81451416015625
0,2220,-431.81451416015625
0,2221,-431.8145751953125
0,2222,-431.8145751953125
0,2223,-431.8145751953125
0,2224,-431.8145751953125
0,2225,-431.8145751953125
0,2226,-431.8145751953125
0,2227,-431.8146057128906
0,2228,-431.8146057128906
0,2229,-431.81463623046875
0,2230,-431.81463623046875
0,2231,-431.81463623046875
0,2232,-431.81463623046875
0,2233,-431.8147277832031
0,2234,-431.8147277832031
0,2235,-431.8147277832031
0,2236,-431.81475830078125
0,2237,-431.81475830078125
0,2238,-431.8147888183594
0,2239,-431.8148193359375
0,2240,-431.8148193359375
0,2241,-431.8148193359375
0,2242,-431.8148193359375
0,2243,-431.8148193359375
0,2244,-431.8148498535156
0,2245,-431.8148498535156
0,2246,-431.81488037109375
0,2247,-431.81488037109375
0,2248,-431.81488037109375
0,2249,-431.8149719238281
0,2250,-431.8149719238281
0,2251,-431.81500244140625
0,2252,-431.81500244140625
0,2253,-431.81500244140625
0,2254,-431.8150329589844
0,2255,-431.8150329589844
0,2256,-431.8150329589844
0,2257,-431.8150329589844
0,2258,-431.8150634765625
0,2259,-431.8150634765625
0,2260,-431.8150939941406
0,2261,-431.8150939941406
0,2262,-431.8150939941406
0,2263,-431.81512451171875
0,2264,-431.81512451171875
0,2265,-431.8152160644531
0,2266,-431.8152160644531
0,2267,-431.8152160644531
0,2268,-431.8152160644531
0,2269,-431.81524658203125
0,2270,-431.8152770996094
0,2271,-431.8152770996094
0,2272,-431.8152770996094
0,2273,-431.8152770996094
0,2274,-431.8152770996094
0,2275,-431.8152770996094
0,2276,-431.8153076171875
0,2277,-431.8153381347656
0,2278,-431.8153381347656
0,2279,-431.8153381347656
0,2280,-431.8154296875
0,2281,-431.8154296875
0,2282,-431.8154296875
0,2283,-431.8154602050781
0,2284,-431.8154602050781
0,2285,-431.81549072265625
0,2286,-431.81549072265625
0,2287,-431.81549072265625
0,2288,-431.81549072265625
0,2289,-431.81549072265625
0,2290,-431.81549072265625
0,2291,-431.8155212402344
0,2292,-431.8155517578125
0,2293,-431.8155517578125
0,2294,-431.8155822753906
0,2295,-431.8155822753906
0,2296,-431.81561279296875
0,2297,-431.81561279296875
0,2298,-431.815673828125
0,2299,-431.8157043457031
0,2300,-431.8157043457031
0,2301,-431.8157043457031
0,2302,-431.81573486328125
0,2303,-431.81573486328125
0,2304,-431.81573486328125
0,2305,-431.81573486328125
0,2306,-431.81573486328125
0,2307,-431.8157653808594
0,2308,-431.8157653808594
0,2309,-431.8157958984375
0,2310,-431.8158264160156
0,2311,-431.8158264160156
0,2312,-431.8158264160156
0,2313,-431.8158264160156
0,2314,-431.8158874511719
0,2315,-431.81591796875
0,2316,-431.81591796875
0,2317,-431.8159484863281
0,2318,-431.8159484863281
0,2319,-431.8159484863281
0,2320,-431.8159484863281
0,2321,-431.81597900390625
0,2322,-431.81597900390625
0,2323,-431.81597900390625
0,2324,-431.8160095214844
0,2325,-431.8160095214844
0,2326,-431.8160400390625
0,2327,-431.8160705566406
0,2328,-431.8160705566406
0,2329,-431.8161315917969
0,2330,-431.8161315917969
0,2331,-431.8161315917969
0,2332,-431.8161315917969
0,2333,-431.8161926269531
0,2334,-431.8161926269531
0,2335,-431.8161926269531
0,2336,-431.8161926269531
0,2337,-431.8161926269531
0,2338,-431.8161926269531
0,2339,-431.81622314453125
0,2340,-431.81622314453125
0,2341,-431.8162536621094
0,2342,-431.8162536621094
0,2343,-431.8162841796875
0,2344,-431.81634521484375
0,2345,-431.81634521484375
0,2346,-431.81634521484375
0,2347,-431.8163757324219
0,2348,-431.8163757324219
0,2349,-431.81640625
0,2350,-431.81640625
0,2351,-431.8164367675781
0,2352,-431.8164367675781
0,2353,-431.8164367675781
0,2354,-431.8164367675781
0,2355,-431.8164367675781
0,2356,-431.81646728515625
0,2357,-431.81646728515625
0,2358,-431.8164978027344
0,2359,-431.8164978027344
0,2360,-431.8165283203125
0,2361,-431.8165283203125
0,2362,-431.8165283203125
0,2363,-431.8165283203125
0,2364,-431.8166198730469
0,2365,-431.816650390625
0,2366,-431.816650390625
0,2367,-431.816650390625
0,2368,-431.816650390625
0,2369,-431.816650390625
0,2370,-431.8166809082031
0,2371,-431.8166809082031
0,2372,-431.8166809082031
0,2373,-431.81671142578125
0,2374,-431.8167419433594
0,2375,-431.8167419433594
0,2376,-431.8167419433594
0,2377,-431.8168029785156
0,2378,-431.81683349609375
0,2379,-431.81683349609375
0,2380,-431.81683349609375
0,2381,-431.8168640136719
0,2382,-431.8168640136719
0,2383,-431.81689453125
0,2384,-431.81689453125
0,2385,-431.81689453125
0,2386,-431.81689453125
0,2387,-431.81689453125
0,2388,-431.81689453125
0,2389,-431.81689453125
0,2390,-431.81695556640625
0,2391,-431.81695556640625
0,2392,-431.81695556640625
0,2393,-431.8169860839844
0,2394,-431.8170471191406
0,2395,-431.8170471191406
0,2396,-431.81707763671875
0,2397,-431.8171081542969
0,2398,-431.8171081542969
0,2399,-431.8171081542969
0,2400,-431.8171081542969
0,2401,-431.8171081542969
0,2402,-431.8171081542969
0,2403,-431.8171081542969
0,2404,-431.817138671875
0,2405,-431.8171691894531
0,2406,-431.8171691894531
0,2407,-431.8171691894531
0,2408,-431.81719970703125
0,2409,-431.8172607421875
0,2410,-431.8172607421875
0,2411,-431.8172607421875
0,2412,-431.8172607421875
0,2413,-431.8172607421875
0,2414,-431.8172912597656
0,2415,-431.8172912597656
0,2416,-431.8172912597656
0,2417,-431.81732177734375
0,2418,-431.81732177734375
0,2419,-431.8173522949219
0,2420,-431.8173522949219
0,2421,-431.8173828125
0,2422,-431.8173828125
0,2423,-431.81744384765625
0,2424,-431.81744384765625
0,2425,-431.81744384765625
0,2426,-431.8175048828125
0,2427,-431.8175354003906
0,2428,-431.8175048828125
0,2429,-431.8175048828125
0,2430,-431.8175354003906
0,2431,-431.8175354003906
0,2432,-431.8175354003906
0,2433,-431.8175354003906
0,2434,-431.8175354003906
0,2435,-431.8175354003906
0,2436,-431.8175354003906
0,2437,-431.81756591796875
0,2438,-431.81756591796875
0,2439,-431.8175964355469
0,2440,-431.817626953125
0,2441,-431.8176574707031
0,2442,-431.8177490234375
0,2443,-431.8177490234375
0,2444,-431.8177795410156
0,2445,-431.8177490234375
0,2446,-431.81781005859375
0,2447,-431.81781005859375
0,2448,-431.81781005859375
0,2449,-431.81781005859375
0,2450,-431.81781005859375
0,2451,-431.81781005859375
0,2452,-431.81781005859375
0,2453,-431.81781005859375
0,2454,-431.81781005859375
0,2455,-431.81787109375
0,2456,-431.81787109375
0,2457,-431.81787109375
0,2458,-431.8179626464844
0,2459,-431.8179626464844
0,2460,-431.8179931640625
0,2461,-431.8180236816406
0,2462,-431.8180236816406
0,2463,-431.8180236816406
0,2464,-431.8180236816406
0,2465,-431.8180236816406
0,2466,-431.81805419921875
0,2467,-431.81805419921875
0,2468,-431.81805419921875
0,2469,-431.8180847167969
0,2470,-431.8180847167969
0,2471,-431.818115234375
0,2472,-431.818115234375
0,2473,-431.8181457519531
0,2474,-431.8181457519531
0,2475,-431.8182067871094
0,2476,-431.8182067871094
0,2477,-431.8182373046875
0,2478,-431.8182373046875
0,2479,-431.8182373046875
0,2480,-431.8182678222656
0,2481,-431.8182678222656
0,2482,-431.8182678222656
0,2483,-431.8182678222656
0,2484,-431.81829833984375
0,2485,-431.81829833984375
0,2486,-431.818359375
0,2487,-431.818359375
0,2488,-431.818359375
0,2489,-431.81842041015625
0,2490,-431.8184509277344
0,2491,-431.8184509277344
0,2492,-431.8184509277344
0,2493,-431.8184814453125
0,2494,-431.8185119628906
0,2495,-431.8185119628906
0,2496,-431.8185119628906
0,2497,-431.8185119628906
0,2498,-431.8185119628906
0,2499,-431.8185119628906
0,2500,-431.81854248046875
0,2501,-431.8185729980469
0,2502,-431.8185729980469
0,2503,-431.818603515625
0,2504,-431.81866455078125
0,2505,-431.81866455078125
0,2506,-431.81866455078125
0,2507,-431.8187255859375
0,2508,-431.8186950683594
0,2509,-431.8187255859375
0,2510,-431.8187255859375
0,2511,-431.8187255859375
0,2512,-431.8187255859375
0,2513,-431.8187255859375
0,2514,-431.8187561035156
0,2515,-431.81878662109375
0,2516,-431.8187561035156
0,2517,-431.81878662109375
0,2518,-431.81878662109375
0,2519,-431.81878662109375
0,2520,-431.81878662109375
0,2521,-431.81878662109375
0,2522,-431.81878662109375
0,2523,-431.8187561035156
0,2524,-431.8187255859375
0,2525,-431.8187255859375
0,2526,-431.8187255859375
0,2527,-431.81878662109375
0,2528,-431.81878662109375
0,2529,-431.8188781738281
0,2530,-431.8189392089844
0,2531,-431.8189697265625
0,2532,-431.8190002441406
0,2533,-431.81903076171875
0,2534,-431.8190612792969
0,2535,-431.8190612792969
0,2536,-431.8190612792969
0,2537,-431.8190612792969
0,2538,-431.8190612792969
0,2539,-431.8190612792969
0,2540,-431.8190612792969
0,2541,-431.81915283203125
0,2542,-431.8191833496094
0,2543,-431.8191833496094
0,2544,-431.8191833496094
0,2545,-431.8192138671875
0,2546,-431.8192138671875
0,2547,-431.8192443847656
0,2548,-431.81927490234375
0,2549,-431.81927490234375
0,2550,-431.81927490234375
0,2551,-431.81927490234375
0,2552,-431.81927490234375
0,2553,-431.8193664550781
0,2554,-431.8193664550781
0,2555,-431.8193664550781
0,2556,-431.8194274902344
0,2557,-431.8194274902344
0,2558,-431.8194274902344
0,2559,-431.8194274902344
0,2560,-431.8194274902344
0,2561,-431.8194274902344
0,2562,-431.8194580078125
0,2563,-431.8194885253906
0,2564,-431.8194885253906
0,2565,-431.8194885253906
0,2566,-431.81951904296875
0,2567,-431.81951904296875
0,2568,-431.819580078125
0,2569,-431.819580078125
0,2570,-431.81964111328125
0,2571,-431.81964111328125
0,2572,-431.81964111328125
0,2573,-431.81964111328125
0,2574,-431.81964111328125
0,2575,-431.81964111328125
0,2576,-431.8196716308594
0,2577,-431.8197021484375
0,2578,-431.8197021484375
0,2579,-431.8197021484375
0,2580,-431.8197326660156
0,2581,-431.81976318359375
0,2582,-431.81976318359375
0,2583,-431.81976318359375
0,2584,-431.8198547363281
0,2585,-431.8198547363281
0,2586,-431.8198547363281
0,2587,-431.8198547363281
0,2588,-431.8198547363281
0,2589,-431.8198547363281
0,2590,-431.8198547363281
0,2591,-431.81988525390625
0,2592,-431.8198547363281
0,2593,-431.81988525390625
0,2594,-431.81988525390625
0,2595,-431.81988525390625
0,2596,-431.8199157714844
0,2597,-431.8199157714844
0,2598,-431.8199462890625
0,2599,-431.8199768066406
0,2600,-431.820068359375
0,2601,-431.820068359375
0,2602,-431.8200988769531
0,2603,-431.8200988769531
0,2604,-431.8200988769531
0,2605,-431.82012939453125
0,2606,-431.82012939453125
0,2607,-431.82012939453125
0,2608,-431.82012939453125
0,2609,-431.8201904296875
0,2610,-431.8201599121094
0,2611,-431.8201904296875
0,2612,-431.8201904296875
0,2613,-431.8202209472656
0,2614,-431.8202819824219
0,2615,-431.8202819824219
0,2616,-431.8203430175781
0,2617,-431.8203430175781
0,2618,-431.8203430175781
0,2619,-431.8203430175781
0,2620,-431.8203430175781
0,2621,-431.8203430175781
0,2622,-431.82037353515625
0,2623,-431.8204040527344
0,2624,-431.8204040527344
0,2625,-431.8204040527344
0,2626,-431.82049560546875
0,2627,-431.82049560546875
0,2628,-431.82049560546875
0,2629,-431.820556640625
0,2630,-431.820556640625
0,2631,-431.820556640625
0,2632,-431.8205871582031
0,2633,-431.8205871582031
0,2634,-431.8205871582031
0,2635,-431.8205871582031
0,2636,-431.82061767578125
0,2637,-431.8205871582031
0,2638,-431.82061767578125
0,2639,-431.82061767578125
0,2640,-431.82061767578125
0,2641,-431.8206481933594
0,2642,-431.82061767578125
0,2643,-431.82061767578125
0,2644,-431.82061767578125
0,2645,-431.8205871582031
0,2646,-431.8205871582031
0,2647,-431.8205871582031
0,2648,-431.8205871582031
0,2649,-431.82061767578125
0,2650,-431.8206787109375
0,2651,-431.82073974609375
0,2652,-431.82080078125
0,2653,-431.8208312988281
0,2654,-431.8208923339844
0,2655,-431.8208923339844
0,2656,-431.8209533691406
0,2657,-431.82098388671875
0,2658,-431.8209533691406
0,2659,-431.82098388671875
0,2660,-431.82098388671875
0,2661,-431.82098388671875
0,2662,-431.821044921875
0,2663,-431.821044921875
0,2664,-431.821044921875
0,2665,-431.821044921875
0,2666,-431.8210754394531
0,2667,-431.82110595703125
0,2668,-431.82110595703125
0,2669,-431.8211975097656
0,2670,-431.8211975097656
0,2671,-431.82122802734375
0,2672,-431.82122802734375
0,2673,-431.8212585449219
0,2674,-431.8212585449219
0,2675,-431.8212585449219
0,2676,-431.8212585449219
0,2677,-431.8212585449219
0,2678,-431.8212890625
0,2679,-431.8213195800781
0,2680,-431.8213195800781
0,2681,-431.82135009765625
0,2682,-431.82135009765625
0,2683,-431.8214111328125
0,2684,-431.8214416503906
0,2685,-431.82147216796875
0,2686,-431.82147216796875
0,2687,-431.8215026855469
0,2688,-431.8215026855469
0,2689,-431.8215026855469
0,2690,-431.8215026855469
0,2691,-431.821533203125
0,2692,-431.821533203125
0,2693,-431.821533203125
0,2694,-431.8215637207031
0,2695,-431.82159423828125
0,2696,-431.82159423828125
0,2697,-431.8216552734375
0,2698,-431.8216857910156
0,2699,-431.8216857910156
0,2700,-431.8216857910156
0,2701,-431.82171630859375
0,2702,-431.82171630859375
0,2703,-431.82171630859375
0,2704,-431.82171630859375
0,2705,-431.82171630859375
0,2706,-431.82171630859375
0,2707,-431.82171630859375
0,2708,-431.82171630859375
0,2709,-431.82171630859375
0,2710,-431.82171630859375
0,2711,-431.82171630859375
0,2712,-431.82171630859375
0,2713,-431.82171630859375
0,2714,-431.82171630859375
0,2715,-431.8217468261719
0,2716,-431.8218078613281
0,2717,-431.8218994140625
0,2718,-431.82196044921875
0,2719,-431.8219909667969
0,2720,-431.822021484375
0,2721,-431.8220520019531
0,2722,-431.8221130371094
0,2723,-431.8220520019531
0,2724,-431.8220520019531
0,2725,-431.8221130371094
0,2726,-431.8221130371094
0,2727,-431.8221130371094
0,2728,-431.8221435546875
0,2729,-431.8221740722656
0,2730,-431.8221740722656
0,2731,-431.8221740722656
0,2732,-431.8222351074219
0,2733,-431.8222351074219
0,2734,-431.822265625
0,2735,-431.8222961425781
0,2736,-431.8222961425781
0,2737,-431.8222961425781
0,2738,-431.8223876953125
0,2739,-431.8223876953125
0,2740,-431.8223876953125
0,2741,-431.8223876953125
0,2742,-431.8224182128906
0,2743,-431.8224182128906
0,2744,-431.8224182128906
0,2745,-431.82244873046875
0,2746,-431.82244873046875
0,2747,-431.822509765625
0,2748,-431.822509765625
0,2749,-431.822509765625
0,2750,-431.82257080078125
0,2751,-431.8226013183594
0,2752,-431.8226318359375
0,2753,-431.8226623535156
0,2754,-431.8226623535156
0,2755,-431.8226623535156
0,2756,-431.8226623535156
0,2757,-431.8226623535156
0,2758,-431.82269287109375
0,2759,-431.8226623535156
0,2760,-431.8227233886719
0,2761,-431.8227233886719
0,2762,-431.82275390625
0,2763,-431.82281494140625
0,2764,-431.82281494140625
0,2765,-431.8228454589844
0,2766,-431.8228454589844
0,2767,-431.8228759765625
0,2768,-431.8228759765625
0,2769,-431.8228759765625
0,2770,-431.8228759765625
0,2771,-431.8228759765625
0,2772,-431.8228759765625
0,2773,-431.8228759765625
0,2774,-431.8228759765625
0,2775,-431.8229064941406
0,2776,-431.8229064941406
0,2777,-431.8228759765625
0,2778,-431.8228759765625
0,2779,-431.8228759765625
0,2780,-431.8228759765625
0,2781,-431.8228759765625
0,2782,-431.8228759765625
0,2783,-431.8228759765625
0,2784,-431.8229064941406
0,2785,-431.8229675292969
0,2786,-431.82305908203125
0,2787,-431.8231201171875
0,2788,-431.8231506347656
0,2789,-431.82318115234375
0,2790,-431.8232727050781
0,2791,-431.8232727050781
0,2792,-431.8232116699219
0,2793,-431.8232116699219
0,2794,-431.8232727050781
0,2795,-431.8232116699219
0,2796,-431.82330322265625
0,2797,-431.82330322265625
0,2798,-431.8233337402344
0,2799,-431.8233337402344
0,2800,-431.8233337402344
0,2801,-431.8233642578125
0,2802,-431.8233947753906
0,2803,-431.82342529296875
0,2804,-431.82342529296875
0,2805,-431.823486328125
0,2806,-431.8235168457031
0,2807,-431.8235168457031
0,2808,-431.8235168457031
0,2809,-431.8235168457031
0,2810,-431.8235778808594
0,2811,-431.8235778808594
0,2812,-431.8235778808594
0,2813,-431.8235778808594
0,2814,-431.8235778808594
0,2815,-431.8235778808594
0,2816,-431.8236083984375
0,2817,-431.8236389160156
0,2818,-431.8236389160156
0,2819,-431.82366943359375
0,2820,-431.82373046875
0,2821,-431.82373046875
0,2822,-431.82373046875
0,2823,-431.82379150390625
0,2824,-431.82379150390625
0,2825,-431.82379150390625
0,2826,-431.82379150390625
0,2827,-431.82379150390625
0,2828,-431.82379150390625
0,2829,-431.8238220214844
0,2830,-431.8238525390625
0,2831,-431.8238525390625
0,2832,-431.8238525390625
0,2833,-431.8238830566406
0,2834,-431.82391357421875
0,2835,-431.82391357421875
0,2836,-431.82391357421875
0,2837,-431.8240051269531
0,2838,-431.8240051269531
0,2839,-431.8240051269531
0,2840,-431.82403564453125
0,2841,-431.82403564453125
0,2842,-431.82403564453125
0,2843,-431.82403564453125
0,2844,-431.82403564453125
0,2845,-431.8240661621094
0,2846,-431.8240661621094
0,2847,-431.8240661621094
0,2848,-431.8240661621094
0,2849,-431.8240661621094
0,2850,-431.8240661621094
0,2851,-431.8240661621094
0,2852,-431.8240661621094
0,2853,-431.82403564453125
0,2854,-431.82403564453125
0,2855,-431.82403564453125
0,2856,-431.82403564453125
0,2857,-431.82403564453125
0,2858,-431.82403564453125
0,2859,-431.8240661621094
0,2860,-431.8241271972656
0,2861,-431.82421875
0,2862,-431.8242492675781
0,2863,-431.82427978515625
0,2864,-431.8243103027344
0,2865,-431.8243408203125
0,2866,-431.8244323730469
0,2867,-431.8244323730469
0,2868,-431.8244323730469
0,2869,-431.8244323730469
0,2870,-431.8243713378906
0,2871,-431.8244323730469
0,2872,-431.8244323730469
0,2873,-431.8244934082031
0,2874,-431.8244934082031
0,2875,-431.8244934082031
0,2876,-431.8244934082031
0,2877,-431.82452392578125
0,2878,-431.8245544433594
0,2879,-431.8245544433594
0,2880,-431.8245544433594
0,2881,-431.8245849609375
0,2882,-431.82464599609375
0,2883,-431.82464599609375
0,2884,-431.82464599609375
0,2885,-431.8246765136719
0,2886,-431.82470703125
0,2887,-431.82470703125
0,2888,-431.82470703125
0,2889,-431.82470703125
0,2890,-431.8247375488281
0,2891,-431.8247375488281
0,2892,-431.8247375488281
0,2893,-431.82476806640625
0,2894,-431.82476806640625
0,2895,-431.82476806640625
0,2896,-431.8248291015625
0,2897,-431.8248291015625
0,2898,-431.8248291015625
0,2899,-431.82489013671875
0,2900,-431.8249206542969
0,2901,-431.8249206542969
0,2902,-431.8249206542969
0,2903,-431.824951171875
0,2904,-431.824951171875
0,2905,-431.824951171875
0,2906,-431.824951171875
0,2907,-431.824951171875
0,2908,-431.8249816894531
0,2909,-431.8249816894531
0,2910,-431.82501220703125
0,2911,-431.82501220703125
0,2912,-431.8250427246094
0,2913,-431.8250427246094
0,2914,-431.8250427246094
0,2915,-431.8251037597656
0,2916,-431.82513427734375
0,2917,-431.82513427734375
0,2918,-431.82513427734375
0,2919,-431.8251647949219
0,2920,-431.8251953125
0,2921,-431.8251953125
0,2922,-431.8251953125
0,2923,-431.8251953125
0,2924,-431.8251953125
0,2925,-431.8251953125
0,2926,-431.8251953125
0,2927,-431.8251953125
0,2928,-431.8251953125
0,2929,-431.8251953125
0,2930,-431.8251953125
0,2931,-431.8251953125
0,2932,-431.8251953125
0,2933,-431.8251953125
0,2934,-431.8251953125
0,2935,-431.8251953125
0,2936,-431.8251953125
0,2937,-431.8251953125
0,2938,-431.8251953125
0,2939,-431.8251953125
0,2940,-431.82525634765625
0,2941,-431.8253479003906
0,2942,-431.8254089355469
0,2943,-431.8254089355469
0,2944,-431.8254699707031
0,2945,-431.82550048828125
0,2946,-431.8255615234375
0,2947,-431.8255615234375
0,2948,-431.8255615234375
0,2949,-431.8255615234375
0,2950,-431.8255615234375
0,2951,-431.8255615234375
0,2952,-431.8255920410156
0,2953,-431.8255920410156
0,2954,-431.82562255859375
0,2955,-431.82562255859375
0,2956,-431.8256530761719
0,2957,-431.8256530761719
0,2958,-431.82568359375
0,2959,-431.82568359375
0,2960,-431.82568359375
0,2961,-431.8257141113281
0,2962,-431.8257141113281
0,2963,-431.8257141113281
0,2964,-431.82574462890625
0,2965,-431.82574462890625
0,2966,-431.8258361816406
0,2967,-431.8258361816406
0,2968,-431.82586669921875
0,2969,-431.8258361816406
0,2970,-431.82586669921875
0,2971,-431.82586669921875
0,2972,-431.82586669921875
0,2973,-431.82586669921875
0,2974,-431.8258972167969
0,2975,-431.8258972167969
0,2976,-431.825927734375
0,2977,-431.8259582519531
0,2978,-431.8259582519531
0,2979,-431.8259582519531
0,2980,-431.82598876953125
0,2981,-431.8260498046875
0,2982,-431.8260498046875
0,2983,-431.8260498046875
0,2984,-431.8260498046875
0,2985,-431.8260803222656
0,2986,-431.82611083984375
0,2987,-431.82611083984375
0,2988,-431.82611083984375
0,2989,-431.82611083984375
0,2990,-431.82611083984375
0,2991,-431.82611083984375
0,2992,-431.82611083984375
0,2993,-431.8261413574219
0,2994,-431.826171875
0,2995,-431.826171875
0,2996,-431.826171875
0,2997,-431.8262023925781
0,2998,-431.8262634277344
0,2999,-431.8262634277344
0,3000,-431.8262939453125
0,3001,-431.8262939453125
0,3002,-431.8263244628906
0,3003,-431.8263244628906
0,3004,-431.82635498046875
0,3005,-431.82635498046875
0,3006,-431.82635498046875
0,3007,-431.82635498046875
0,3008,-431.82635498046875
0,3009,-431.8263854980469
0,3010,-431.8263854980469
0,3011,-431.8263854980469
0,3012,-431.8263854980469
0,3013,-431.826416015625
0,3014,-431.8264465332031
0,3015,-431.8264465332031
0,3016,-431.8265075683594
0,3017,-431.8265075683594
0,3018,-431.8265380859375
0,3019,-431.8265380859375
0,3020,-431.8265380859375
0,3021,-431.8265380859375
0,3022,-431.8265686035156
0,3023,-431.8265686035156
0,3024,-431.8265686035156
0,3025,-431.8265380859375
0,3026,-431.8265380859375
0,3027,-431.8265075683594
0,3028,-431.826416015625
0,3029,-431.8263854980469
0,3030,-431.82635498046875
0,3031,-431.8262634277344
0,3032,-431.8262023925781
0,3033,-431.826171875
0,3034,-431.8262634277344
0,3035,-431.82635498046875
0,3036,-431.8265380859375
0,3037,-431.8266296386719
0,3038,-431.8267517089844
0,3039,-431.8268127441406
0,3040,-431.8268127441406
0,3041,-431.8267822265625
0,3042,-431.8267517089844
0,3043,-431.82672119140625
0,3044,-431.8267517089844
0,3045,-431.8267517089844
0,3046,-431.8268127441406
0,3047,-431.8268127441406
0,3048,-431.8268737792969
0,3049,-431.82696533203125
0,3050,-431.82696533203125
0,3051,-431.82696533203125
0,3052,-431.82696533203125
0,3053,-431.82696533203125
0,3054,-431.82696533203125
0,3055,-431.82696533203125
0,3056,-431.8269958496094
0,3057,-431.8270263671875
0,3058,-431.8270263671875
0,3059,-431.8270263671875
0,3060,-431.8270263671875
0,3061,-431.8270263671875
0,3062,-431.82708740234375
0,3063,-431.8270568847656
0,3064,-431.82708740234375
0,3065,-431.82708740234375
0,3066,-431.82708740234375
0,3067,-431.8271789550781
0,3068,-431.8271789550781
0,3069,-431.82720947265625
0,3070,-431.82720947265625
0,3071,-431.8272399902344
0,3072,-431.8272399902344
0,3073,-431.8272705078125
0,3074,-431.8272705078125
0,3075,-431.8272705078125
0,3076,-431.8272705078125
0,3077,-431.8272705078125
0,3078,-431.8273010253906
0,3079,-431.8273010253906
0,3080,-431.8273010253906
0,3081,-431.82733154296875
0,3082,-431.8273620605469
0,3083,-431.8273620605469
0,3084,-431.8273620605469
0,3085,-431.8274230957031
0,3086,-431.8274230957031
0,3087,-431.82745361328125
0,3088,-431.82745361328125
0,3089,-431.8274841308594
0,3090,-431.8274841308594
0,3091,-431.8274841308594
0,3092,-431.8274841308594
0,3093,-431.8274841308594
0,3094,-431.8274841308594
0,3095,-431.8274841308594
0,3096,-431.8275146484375
0,3097,-431.8275146484375
0,3098,-431.8275451660156
0,3099,-431.82757568359375
0,3100,-431.82757568359375
0,3101,-431.82757568359375
0,3102,-431.82763671875
0,3103,-431.8276672363281
0,3104,-431.8276672363281
0,3105,-431.8276672363281
0,3106,-431.82769775390625
0,3107,-431.8277282714844
0,3108,-431.8277282714844
0,3109,-431.8277282714844
0,3110,-431.8277282714844
0,3111,-431.8277282714844
0,3112,-431.8277282714844
0,3113,-431.8277282714844
0,3114,-431.8277587890625
0,3115,-431.8277587890625
0,3116,-431.8277893066406
0,3117,-431.8277893066406
0,3118,-431.8277893066406
0,3119,-431.82781982421875
0,3120,-431.82781982421875
0,3121,-431.827880859375
0,3122,-431.8279113769531
0,3123,-431.8279113769531
0,3124,-431.82794189453125
0,3125,-431.82794189453125
0,3126,-431.82794189453125
0,3127,-431.82794189453125
0,3128,-431.82794189453125
0,3129,-431.82794189453125
0,3130,-431.82794189453125
0,3131,-431.8279724121094
0,3132,-431.8280029296875
0,3133,-431.8280029296875
0,3134,-431.8280029296875
0,3135,-431.8280029296875
0,3136,-431.8280334472656
0,3137,-431.82806396484375
0,3138,-431.82806396484375
0,3139,-431.828125
0,3140,-431.8281555175781
0,3141,-431.8281555175781
0,3142,-431.8281555175781
0,3143,-431.8281555175781
0,3144,-431.82818603515625
0,3145,-431.82818603515625
0,3146,-431.82818603515625
0,3147,-431.82818603515625
0,3148,-431.82818603515625
0,3149,-431.8282165527344
0,3150,-431.8282165527344
0,3151,-431.8282165527344
0,3152,-431.8282165527344
0,3153,-431.8282775878906
0,3154,-431.8282775878906
0,3155,-431.8282775878906
0,3156,-431.8282470703125
0,3157,-431.8282775878906
0,3158,-431.8282775878906
0,3159,-431.8282775878906
0,3160,-431.8282165527344
0,3161,-431.82818603515625
0,3162,-431.8281555175781
0,3163,-431.8280029296875
0,3164,-431.82794189453125
0,3165,-431.8277282714844
0,3166,-431.82763671875
0,3167,-431.8275146484375
0,3168,-431.8275451660156
0,3169,-431.8277282714844
0,3170,-431.82794189453125
0,3171,-431.82818603515625
0,3172,-431.82843017578125
0,3173,-431.8284912109375
0,3174,-431.8285217285156
0,3175,-431.82843017578125
0,3176,-431.828369140625
0,3177,-431.8282775878906
0,3178,-431.8282775878906
0,3179,-431.828369140625
0,3180,-431.82843017578125
0,3181,-431.8285827636719
0,3182,-431.8286437988281
0,3183,-431.8286437988281
0,3184,-431.8286437988281
0,3185,-431.8286437988281
0,3186,-431.82861328125
0,3187,-431.82861328125
0,3188,-431.8286437988281
0,3189,-431.8286437988281
0,3190,-431.82867431640625
0,3191,-431.8287048339844
0,3192,-431.82879638671875
0,3193,-431.82879638671875
0,3194,-431.82879638671875
0,3195,-431.82879638671875
0,3196,-431.82879638671875
0,3197,-431.82879638671875
0,3198,-431.82879638671875
0,3199,-431.828857421875
0,3200,-431.828857421875
0,3201,-431.8288879394531
0,3202,-431.8288879394531
0,3203,-431.8288879394531
0,3204,-431.8288879394531
0,3205,-431.8288879394531
0,3206,-431.82891845703125
0,3207,-431.82891845703125
0,3208,-431.82891845703125
0,3209,-431.8289489746094
0,3210,-431.8289489746094
0,3211,-431.8289794921875
0,3212,-431.8289794921875
0,3213,-431.8290710449219
0,3214,-431.8290710449219
0,3215,-431.8290710449219
0,3216,-431.8290710449219
0,3217,-431.8290710449219
0,3218,-431.8291015625
0,3219,-431.8291015625
0,3220,-431.8291015625
0,3221,-431.8291015625
0,3222,-431.8291320800781
0,3223,-431.8291320800781
0,3224,-431.8291320800781
0,3225,-431.8291931152344
0,3226,-431.82916259765625
0,3227,-431.82916259765625
0,3228,-431.8291931152344
0,3229,-431.8291931152344
0,3230,-431.8292541503906
0,3231,-431.8292541503906
0,3232,-431.82928466796875
0,3233,-431.82928466796875
0,3234,-431.82928466796875
0,3235,-431.829345703125
0,3236,-431.829345703125
0,3237,-431.829345703125
0,3238,-431.829345703125
0,3239,-431.829345703125
0,3240,-431.829345703125
0,3241,-431.829345703125
0,3242,-431.829345703125
0,3243,-431.829345703125
0,3244,-431.82940673828125
0,3245,-431.82940673828125
0,3246,-431.82940673828125
0,3247,-431.8294372558594
0,3248,-431.8294982910156
0,3249,-431.8294982910156
0,3250,-431.8294982910156
0,3251,-431.8294982910156
0,3252,-431.8294982910156
0,3253,-431.8295593261719
0,3254,-431.8295593261719
0,3255,-431.8295593261719
0,3256,-431.8295593261719
0,3257,-431.8295593261719
0,3258,-431.8295593261719
0,3259,-431.8295593261719
0,3260,-431.8295593261719
0,3261,-431.8295593261719
0,3262,-431.8296203613281
0,3263,-431.8296203613281
0,3264,-431.8296203613281
0,3265,-431.82965087890625
0,3266,-431.8296813964844
0,3267,-431.8296813964844
0,3268,-431.8296813964844
0,3269,-431.8296813964844
0,3270,-431.82977294921875
0,3271,-431.8297424316406
0,3272,-431.82977294921875
0,3273,-431.82977294921875
0,3274,-431.82977294921875
0,3275,-431.8298034667969
0,3276,-431.8298034667969
0,3277,-431.8298034667969
0,3278,-431.8298034667969
0,3279,-431.8298034667969
0,3280,-431.829833984375
0,3281,-431.829833984375
0,3282,-431.8298645019531
0,3283,-431.829833984375
0,3284,-431.8298645019531
0,3285,-431.82989501953125
0,3286,-431.82989501953125
0,3287,-431.82989501953125
0,3288,-431.82989501953125
0,3289,-431.8299560546875
0,3290,-431.8299560546875
0,3291,-431.8299865722656
0,3292,-431.8299560546875
0,3293,-431.82989501953125
0,3294,-431.82989501953125
0,3295,-431.829833984375
0,3296,-431.8298034667969
0,3297,-431.8296813964844
0,3298,-431.8295593261719
0,3299,-431.829345703125
0,3300,-431.82904052734375
0,3301,-431.8286437988281
0,3302,-431.828369140625
0,3303,-431.82806396484375
0,3304,-431.8280029296875
0,3305,-431.82818603515625
0,3306,-431.8286437988281
0,3307,-431.8291931152344
0,3308,-431.8298034667969
0,3309,-431.8301086425781
0,3310,-431.8302001953125
0,3311,-431.830078125
0,3312,-431.8298645019531
0,3313,-431.82965087890625
0,3314,-431.8295593261719
0,3315,-431.8295593261719
0,3316,-431.82977294921875
0,3317,-431.8299865722656
0,3318,-431.8302001953125
0,3319,-431.83026123046875
0,3320,-431.8302917480469
0,3321,-431.83026123046875
0,3322,-431.8302001953125
0,3323,-431.8301086425781
0,3324,-431.8301086425781
0,3325,-431.8301086425781
0,3326,-431.8302307128906
0,3327,-431.83026123046875
0,3328,-431.830322265625
0,3329,-431.8304443359375
0,3330,-431.8304748535156
0,3331,-431.8304443359375
0,3332,-431.8304138183594
0,3333,-431.8304138183594
0,3334,-431.8304138183594
0,3335,-431.8304138183594
0,3336,-431.8304443359375
0,3337,-431.8304748535156
0,3338,-431.83050537109375
0,3339,-431.83050537109375
0,3340,-431.8305358886719
0,3341,-431.8305358886719
0,3342,-431.83056640625
0,3343,-431.8305358886719
0,3344,-431.8305358886719
0,3345,-431.8305358886719
0,3346,-431.83056640625
0,3347,-431.8305969238281
0,3348,-431.8305969238281
0,3349,-431.8306579589844
0,3350,-431.8306884765625
0,3351,-431.8306884765625
0,3352,-431.8307189941406
0,3353,-431.8307189941406
0,3354,-431.8307189941406
0,3355,-431.8307189941406
0,3356,-431.8307189941406
0,3357,-431.8307189941406
0,3358,-431.8307189941406
0,3359,-431.83074951171875
0,3360,-431.83074951171875
0,3361,-431.83074951171875
0,3362,-431.8307800292969
0,3363,-431.830810546875
0,3364,-431.830810546875
0,3365,-431.83087158203125
0,3366,-431.83087158203125
0,3367,-431.8309020996094
0,3368,-431.8309020996094
0,3369,-431.8309020996094
0,3370,-431.8309326171875
0,3371,-431.8309326171875
0,3372,-431.8309326171875
0,3373,-431.8309631347656
0,3374,-431.8309631347656
0,3375,-431.8309631347656
0,3376,-431.8309631347656
0,3377,-431.8309631347656
0,3378,-431.8309631347656
0,3379,-431.8309631347656
0,3380,-431.83099365234375
0,3381,-431.8310241699219
0,3382,-431.8310241699219
0,3383,-431.8310241699219
0,3384,-431.8310241699219
0,3385,-431.8310241699219
0,3386,-431.8310546875
0,3387,-431.83111572265625
0,3388,-431.83111572265625
0,3389,-431.83111572265625
0,3390,-431.8311767578125
0,3391,-431.8311767578125
0,3392,-431.8311767578125
0,3393,-431.8311767578125
0,3394,-431.8311767578125
0,3395,-431.8311767578125
0,3396,-431.8311767578125
0,3397,-431.8311767578125
0,3398,-431.8311767578125
0,3399,-431.8312072753906
0,3400,-431.8311767578125
0,3401,-431.8312072753906
0,3402,-431.8312072753906
0,3403,-431.8311767578125
0,3404,-431.8311767578125
0,3405,-431.8311767578125
0,3406,-431.8311767578125
0,3407,-431.8310546875
0,3408,-431.8309631347656
0,3409,-431.8307800292969
0,3410,-431.8305358886719
0,3411,-431.83026123046875
0,3412,-431.82977294921875
0,3413,-431.8291015625
0,3414,-431.8282470703125
0,3415,-431.82733154296875
0,3416,-431.82635498046875
0,3417,-431.82562255859375
0,3418,-431.8251953125
0,3419,-431.8256530761719
0,3420,-431.8265686035156
0,3421,-431.8280334472656
0,3422,-431.8295593261719
0,3423,-431.8307800292969
0,3424,-431.8314208984375
0,3425,-431.8314514160156
0,3426,-431.8310241699219
0,3427,-431.8304138183594
0,3428,-431.8298645019531
0,3429,-431.8295593261719
0,3430,-431.8296813964844
0,3431,-431.8300476074219
0,3432,-431.8305969238281
0,3433,-431.8311462402344
0,3434,-431.8314514160156
0,3435,-431.8316345214844
0,3436,-431.83160400390625
0,3437,-431.8314208984375
0,3438,-431.8311767578125
0,3439,-431.8310241699219
0,3440,-431.8309631347656
0,3441,-431.8310241699219
0,3442,-431.8311767578125
0,3443,-431.8313903808594
0,3444,-431.8315124511719
0,3445,-431.8316650390625
0,3446,-431.83172607421875
0,3447,-431.83172607421875
0,3448,-431.8316955566406
0,3449,-431.8316345214844
0,3450,-431.8316345214844
0,3451,-431.83160400390625
0,3452,-431.83160400390625
0,3453,-431.83160400390625
0,3454,-431.8316345214844
0,3455,-431.8316955566406
0,3456,-431.83172607421875
0,3457,-431.8318176269531
0,3458,-431.8318786621094
0,3459,-431.8318786621094
0,3460,-431.8318786621094
0,3461,-431.8318786621094
0,3462,-431.8318786621094
0,3463,-431.8318786621094
0,3464,-431.8318786621094
0,3465,-431.8318786621094
0,3466,-431.8318786621094
0,3467,-431.8318786621094
0,3468,-431.8319091796875
0,3469,-431.8319091796875
0,3470,-431.8319396972656
0,3471,-431.8319396972656
0,3472,-431.8319396972656
0,3473,-431.83203125
0,3474,-431.83203125
0,3475,-431.83203125
0,3476,-431.8320617675781
0,3477,-431.83209228515625
0,3478,-431.83209228515625
0,3479,-431.83209228515625
0,3480,-431.83209228515625
0,3481,-431.83209228515625
0,3482,-431.83209228515625
0,3483,-431.83209228515625
0,3484,-431.8321228027344
0,3485,-431.8321228027344
0,3486,-431.8321533203125
0,3487,-431.8321533203125
0,3488,-431.8321838378906
0,3489,-431.8321533203125
0,3490,-431.8321533203125
0,3491,-431.83221435546875
0,3492,-431.8321838378906
0,3493,-431.8321533203125
0,3494,-431.8321533203125
0,3495,-431.8321533203125
0,3496,-431.8321228027344
0,3497,-431.83209228515625
0,3498,-431.83203125
0,3499,-431.8318786621094
0,3500,-431.83172607421875
